<?xml version="1.0" encoding="UTF-8"?>
<COLLADA xmlns="http://www.collada.org/2005/11/COLLADASchema" version="1.4.1">
<!--
# File generated by ImageToStl.com - Free Image and 3D model conversion tools
-->
  <asset>
    <contributor>
      <author>ImageToStl.com</author>
      <authoring_tool>ImageToStl.com</authoring_tool>
    </contributor>
    <created>2024-08-28T01:52:44</created>
    <modified>2024-08-28T01:52:44</modified>
    <up_axis>Z_UP</up_axis>
  </asset>
  <library_effects>
    <effect id="effect_0">
        <profile_COMMON>
          <technique sid="common">
            <phong>
              <diffuse>
                <color>0.8 0.8 0.8 1</color>
              </diffuse>
            </phong>
          </technique>
        </profile_COMMON>
    </effect>
  </library_effects>
  <library_materials>
    <material id="mat_0">
      <instance_effect url="#effect_0"/>
    </material>
  </library_materials>
  <library_geometries>
    <geometry id="geometry_785d8899_5695_4007_9e4f_4c1d1f1e18cc">
      <mesh>
        <source id="pos_0">
          <float_array id="pos_0-array" count="8376">-0.03844468 0.0203 -0.08137572 -0.03887184 0.0213 -0.08227989 -0.03810355 0.0213 -0.08246969 -0.03806053 0.0203 -0.08147062 -0.0373218 0.0213 -0.08234664 -0.03766965 0.0203 -0.08140909 -0.03664897 0.0213 -0.08193 -0.03733324 0.0203 -0.08120077 -0.03619042 0.0213 -0.08128501 -0.03710397 0.0203 -0.08087828 -0.03710397 0.03 -0.08087828 -0.03619042 0.029 -0.08128501 -0.03664897 0.029 -0.08193 -0.03733324 0.03 -0.08120077 -0.0373218 0.029 -0.08234664 -0.03766965 0.03 -0.08140909 -0.03810355 0.029 -0.08246969 -0.03806053 0.03 -0.08147062 -0.03887184 0.029 -0.08227989 -0.03844468 0.03 -0.08137572 -0.03710397 0.0203 0.08087828 -0.03619042 0.0213 0.08128501 -0.03664897 0.0213 0.08193 -0.03733324 0.0203 0.08120077 -0.0373218 0.0213 0.08234664 -0.03766965 0.0203 0.08140909 -0.03810355 0.0213 0.08246969 -0.03806053 0.0203 0.08147062 -0.03887184 0.0213 0.08227989 -0.03844468 0.0203 0.08137572 -0.03844468 0.03 0.08137572 -0.03887184 0.029 0.08227989 -0.03810355 0.029 0.08246969 -0.03806053 0.03 0.08147062 -0.0373218 0.029 0.08234664 -0.03766965 0.03 0.08140909 -0.03664897 0.029 0.08193 -0.03733324 0.03 0.08120077 -0.03619042 0.029 0.08128501 -0.03710397 0.03 0.08087828 -0.03323887 0.0203 -0.07219714 -0.03232533 0.0213 -0.07260388 -0.03216169 0.0213 -0.07159804 -0.03315706 0.0203 -0.07169422 -0.0325149 0.0213 -0.07064214 -0.03333366 0.0203 -0.07121627 -0.03329324 0.0213 -0.06998435 -0.03372283 0.0203 -0.07088738 -0.03372283 0.03 -0.07088738 -0.03329324 0.029 -0.06998435 -0.0325149 0.029 -0.07064214 -0.03333366 0.03 -0.07121627 -0.03216169 0.029 -0.07159804 -0.03315706 0.03 -0.07169422 -0.03232533 0.029 -0.07260388 -0.03323887 0.03 -0.07219714 -0.03372283 0.0203 0.07088738 -0.03329324 0.0213 0.06998435 -0.0325149 0.0213 0.07064214 -0.03333366 0.0203 0.07121627 -0.03216169 0.0213 0.07159804 -0.03315706 0.0203 0.07169422 -0.03232533 0.0213 0.07260388 -0.03323887 0.0203 0.07219714 -0.03323887 0.03 0.07219714 -0.03232533 0.029 0.07260388 -0.03216169 0.029 0.07159804 -0.03315706 0.03 0.07169422 -0.0325149 0.029 0.07064214 -0.03333366 0.03 0.07121627 -0.03329324 0.029 0.06998435 -0.03372283 0.03 0.07088738 -0.091 0.0193 0.023 -0.091 0.0193 -0.023 -0.09093819 0.01964612 0.023 -0.09093819 0.01964612 -0.023 -0.09086602 0.0198 0.023 -0.09086602 0.0198 -0.023 -0.09070711 0.02000711 0.023 -0.09070711 0.02000711 -0.023 -0.0905 0.02016602 0.023 -0.0905 0.02016602 -0.023 -0.09034612 0.02023819 0.023 -0.09034612 0.02023819 -0.023 -0.09 0.0203 0.023 -0.09 0.0203 -0.023 -0.09093819 0.01949208 -0.02414682 -0.09070711 0.01984027 -0.02424208 -0.09034612 0.02006317 -0.02430306 -0.09 0.02012279 -0.02431937 -0.09 0.01963013 -0.0255 -0.09034612 0.01934018 -0.02583949 -0.09 0.01939075 -0.02587503 -0.09034612 0.01813949 -0.02704018 -0.09 0.01817503 -0.02709075 -0.09034612 0.01660306 -0.02776317 -0.09 0.01661937 -0.02782279 -0.09 0.0178 -0.02733013 -0.09 0.0153 -0.028 -0.09034612 0.0153 -0.02793819 -0.0905 0.0153 -0.02786602 -0.09086602 0.0153 -0.0275 -0.09070711 0.0153 -0.02770711 -0.09070711 0.01654208 -0.02754027 -0.091 0.01635549 -0.02685823 -0.091 0.0153 -0.027 -0.09093819 0.0153 -0.02734612 -0.091 0.01915823 -0.02405549 -0.091 0.0185726 -0.02530002 -0.09093819 0.01885577 -0.02549904 -0.091 0.01760002 -0.0262726 -0.09093819 0.01779904 -0.02655577 -0.09093819 0.01644682 -0.02719208 -0.09070711 0.01800661 -0.02685112 -0.09070711 0.01915112 -0.02570661 -0.09093819 0.01644682 0.02719208 -0.09093819 0.0153 0.02734612 -0.091 0.0153 0.027 -0.09070711 0.01654208 0.02754027 -0.09070711 0.0153 0.02770711 -0.09086602 0.0153 0.0275 -0.09034612 0.01660306 0.02776317 -0.09034612 0.0153 0.02793819 -0.0905 0.0153 0.02786602 -0.09 0.0153 0.028 -0.09 0.01661937 0.02782279 -0.09 0.0178 0.02733013 -0.09034612 0.01813949 0.02704018 -0.09 0.01817503 0.02709075 -0.09034612 0.01934018 0.02583949 -0.09 0.01939075 0.02587503 -0.09034612 0.02006317 0.02430306 -0.09 0.02012279 0.02431937 -0.09 0.01963013 0.0255 -0.09070711 0.01984027 0.02424208 -0.091 0.01915823 0.02405549 -0.091 0.01635549 0.02685823 -0.091 0.01760002 0.0262726 -0.09093819 0.01779904 0.02655577 -0.091 0.0185726 0.02530002 -0.09093819 0.01885577 0.02549904 -0.09093819 0.01949208 0.02414682 -0.09070711 0.01915112 0.02570661 -0.09070711 0.01800661 0.02685112 -0.09 -0.00881244 0.028 -0.09 -0.0153 0.028 -0.090175 -0.00892894 0.02798457 -0.09034612 -0.0153 0.02793819 -0.0905 -0.00907242 0.02786602 -0.0905 -0.0153 0.02786602 -0.09070554 -0.00912351 0.02770867 -0.09070711 -0.0153 0.02770711 -0.09086602 -0.00914455 0.0275 -0.09086602 -0.0153 0.0275 -0.09096605 -0.00914965 0.02725836 -0.09093819 -0.0153 0.02734612 -0.091 -0.00915 0.027 -0.091 -0.0153 0.027 -0.09 0.00618756 0.028 -0.09 -0.00618756 0.028 -0.090175 0.00607106 0.02798457 -0.090175 -0.00607106 0.02798457 -0.0905 0.00592758 0.02786602 -0.0905 -0.00592758 0.02786602 -0.09070549 -0.0058765 0.02770872 -0.091 -0.00585 0.027 -0.091 0.00585 0.027 -0.09096598 -0.00585035 0.02725862 -0.09096605 0.00585035 0.02725836 -0.09086602 -0.00585545 0.0275 -0.09086602 0.00585545 0.0275 -0.09070554 0.00587649 0.02770867 -0.091 0.00915 0.027 -0.09096598 0.00914965 0.02725862 -0.09086602 0.00914455 0.0275 -0.09070549 0.0091235 0.02770872 -0.0905 0.00907242 0.02786602 -0.090175 0.00892894 0.02798457 -0.09 0.00881244 0.028 -0.086 0.0153 0.028 -0.086 0.0178 0.02733013 -0.08596623 0.01955769 0.02562146 -0.086 0.0193 0.026 -0.08549808 0.02016713 0.02414501 -0.08500578 0.02029998 0.02301291 -0.085 0.0203 0.023 -0.08555725 0.02013034 0.02429143 -0.08574948 0.01996203 0.02480706 -0.08586161 0.01980757 0.02516374 -0.08594348 0.01963143 0.02549774 -0.086 0.0193 0.035 -0.08590705 0.01972103 0.035 -0.08586603 0.0198 0.035 -0.08564547 0.02006379 0.035 -0.0855 0.02016602 0.035 -0.085 0.0203 0.03503497 -0.08526389 0.02026455 0.035 -0.09 0.00881244 -0.028 -0.090175 0.00892894 -0.02798457 -0.0905 0.00907242 -0.02786602 -0.09070554 0.00912351 -0.02770867 -0.09086602 0.00914455 -0.0275 -0.09096605 0.00914965 -0.02725836 -0.091 0.00915 -0.027 -0.09 -0.00618756 -0.028 -0.09 0.00618756 -0.028 -0.090175 -0.00607106 -0.02798457 -0.090175 0.00607106 -0.02798457 -0.0905 -0.00592758 -0.02786602 -0.0905 0.00592758 -0.02786602 -0.09070549 0.0058765 -0.02770872 -0.091 0.00585 -0.027 -0.091 -0.00585 -0.027 -0.09096598 0.00585035 -0.02725862 -0.09096605 -0.00585035 -0.02725836 -0.09086602 0.00585545 -0.0275 -0.09086602 -0.00585545 -0.0275 -0.09070554 -0.00587649 -0.02770867 -0.091 -0.00915 -0.027 -0.091 -0.0153 -0.027 -0.09096598 -0.00914965 -0.02725862 -0.09093819 -0.0153 -0.02734612 -0.09086602 -0.00914455 -0.0275 -0.09086602 -0.0153 -0.0275 -0.09070711 -0.0153 -0.02770711 -0.09070549 -0.0091235 -0.02770872 -0.0905 -0.0153 -0.02786602 -0.0905 -0.00907242 -0.02786602 -0.09034612 -0.0153 -0.02793819 -0.090175 -0.00892894 -0.02798457 -0.09 -0.0153 -0.028 -0.09 -0.00881244 -0.028 -0.08526389 0.02026455 -0.035 -0.085 0.0203 -0.03503497 -0.085 0.0203 -0.023 -0.0855 0.02016602 -0.035 -0.08500578 0.02029998 -0.02301291 -0.08549808 0.02016713 -0.02414501 -0.08574948 0.01996203 -0.02480706 -0.08586161 0.01980757 -0.02516374 -0.08586603 0.0198 -0.035 -0.08555725 0.02013034 -0.02429143 -0.08564547 0.02006379 -0.035 -0.08596623 0.01955769 -0.02562146 -0.086 0.0193 -0.026 -0.086 0.0193 -0.035 -0.08594348 0.01963143 -0.02549774 -0.08590705 0.01972103 -0.035 -0.086 0.0178 -0.02733013 -0.086 0.0153 -0.028 -0.0818883 0.0203 -0.03734042 -0.07752464 0.0203 -0.03046666 -0.08276635 0.0203 -0.03610612 -0.07864964 0.0203 -0.03016522 -0.08404041 0.0203 -0.03528681 -0.0794732 0.0203 -0.02934166 -0.07977464 0.0203 -0.02821666 -0.07752464 0.0203 0.02596666 -0.07864964 0.0203 0.0262681 -0.039 0.0203 0.0714471 -0.03930144 0.0203 0.0725721 -0.040125 0.0203 0.07339565 -0.0794732 0.0203 0.02934166 -0.07977464 0.0203 0.02821666 -0.0794732 0.0203 0.02709166 -0.03930144 0.0203 0.0703221 -0.040125 0.0203 0.06949854 -0.04395268 0.0203 0.06504162 -0.04125 0.0203 0.0691971 -0.05319237 0.0203 0.0577306 -0.042375 0.0203 0.06949854 -0.04125 0.0203 0.0736971 -0.042375 0.0203 0.07339565 -0.04944828 0.0203 0.07519885 -0.04319856 0.0203 0.0725721 -0.07639964 0.0203 0.03016522 -0.07586084 0.0203 0.04842658 -0.07752464 0.0203 0.03046666 -0.0818883 0.0203 0.03734042 -0.07864964 0.0203 0.03016522 -0.08276635 0.0203 0.03610612 -0.08404041 0.0203 0.03528681 -0.0435 0.0203 0.0714471 -0.05947982 0.0203 0.0675437 -0.04319856 0.0203 0.0703221 -0.06834207 0.0203 0.05856074 -0.0794732 0.0203 -0.02709166 -0.07827863 0.0203 0.00589115 -0.07864964 0.0203 -0.0262681 -0.07827863 0.0203 -0.00589115 -0.07651518 0.0203 -0.01754074 -0.07639964 0.0203 -0.0262681 -0.07557608 0.0203 -0.02709166 -0.07302799 0.0203 -0.02879518 -0.07527464 0.0203 -0.02821666 -0.06789564 0.0203 -0.03940092 -0.07557608 0.0203 -0.02934166 -0.06123374 0.0203 -0.04911903 -0.06123374 0.0203 0.04911903 -0.06789564 0.0203 0.03940092 -0.07557608 0.0203 0.02934166 -0.07302799 0.0203 0.02879518 -0.07527464 0.0203 0.02821666 -0.07557608 0.0203 0.02709166 -0.07651518 0.0203 0.01754074 -0.07639964 0.0203 0.0262681 -0.07752464 0.0203 -0.02596666 -0.05319237 0.0203 -0.0577306 -0.07586084 0.0203 -0.04842658 -0.042375 0.0203 -0.06949854 -0.04125 0.0203 -0.0691971 -0.04395268 0.0203 -0.06504162 -0.040125 0.0203 -0.06949854 -0.03930144 0.0203 -0.0703221 -0.039 0.0203 -0.0714471 -0.03930144 0.0203 -0.0725721 -0.040125 0.0203 -0.07339565 -0.04125 0.0203 -0.0736971 -0.04944828 0.0203 -0.07519885 -0.07639964 0.0203 -0.03016522 -0.04319856 0.0203 -0.0703221 -0.06834207 0.0203 -0.05856074 -0.0435 0.0203 -0.0714471 -0.05947982 0.0203 -0.0675437 -0.04319856 0.0203 -0.0725721 -0.042375 0.0203 -0.07339565 -0.08279816 0.0213 -0.03775532 -0.07670373 0.0213 -0.04896465 -0.06910143 0.0213 -0.05921142 -0.06014071 0.0213 -0.06829418 -0.04999771 0.0213 -0.0760344 -0.04999771 0.0213 0.0760344 -0.06014071 0.0213 0.06829418 -0.06910143 0.0213 0.05921142 -0.07670373 0.0213 0.04896465 -0.08279816 0.0213 0.03775532 -0.04339277 0.0213 0.06421306 -0.05251475 0.0213 0.05699518 -0.06045369 0.0213 0.04849331 -0.06703073 0.0213 0.03889899 -0.0720977 0.0213 0.02842836 -0.07554046 0.0213 0.0173173 -0.07728145 0.0213 0.00581611 -0.07728145 0.0213 -0.00581611 -0.07554046 0.0213 -0.0173173 -0.0720977 0.0213 -0.02842836 -0.06703073 0.0213 -0.03889899 -0.06045369 0.0213 -0.04849331 -0.05251475 0.0213 -0.05699518 -0.04339277 0.0213 -0.06421306 -0.09034612 -0.01660306 0.02776317 -0.09070711 -0.01654208 0.02754027 -0.09093819 -0.01644682 0.02719208 -0.091 -0.01635549 0.02685823 -0.09093819 -0.01779904 0.02655577 -0.091 -0.01760002 0.0262726 -0.09093819 -0.01885577 0.02549904 -0.091 -0.0185726 0.02530002 -0.09093819 -0.01949208 0.02414682 -0.091 -0.01915823 0.02405549 -0.09093819 -0.01964612 0.023 -0.091 -0.0193 0.023 -0.09070711 -0.01984027 0.02424208 -0.09070711 -0.02000711 0.023 -0.09086602 -0.0198 0.023 -0.09034612 -0.02006317 0.02430306 -0.09034612 -0.02023819 0.023 -0.0905 -0.02016602 0.023 -0.09 -0.0203 0.023 -0.09 -0.02012279 0.02431937 -0.09 -0.01963013 0.0255 -0.09034612 -0.01934018 0.02583949 -0.09 -0.01939075 0.02587503 -0.09034612 -0.01813949 0.02704018 -0.09 -0.01817503 0.02709075 -0.09 -0.01661937 0.02782279 -0.09 -0.0178 0.02733013 -0.09070711 -0.01800661 0.02685112 -0.09070711 -0.01915112 0.02570661 -0.091 -0.00915 -0.0259 -0.091 -0.00915 0.0259 -0.091 -0.01915823 -0.02405549 -0.091 -0.0185726 -0.02530002 -0.091 -0.01760002 -0.0262726 -0.091 0.00915 0.0259 -0.091 -0.00875117 0.01339466 -0.091 -0.00392777 0.0155104 -0.091 0.00585 0.0259 -0.091 0.00132127 0.01594535 -0.091 0.0075 0.02490858 -0.091 0.00642713 0.01465237 -0.091 0.01083651 0.01177158 -0.091 0.01407158 0.00761516 -0.091 -0.00585 0.0259 -0.091 -0.0075 0.02490858 -0.091 -0.01262625 0.0098274 -0.091 -0.01513308 0.00519519 -0.091 -0.01635549 -0.02685823 -0.091 -0.0193 -0.023 -0.091 -0.0075 -0.02490858 -0.091 -0.00585 -0.0259 -0.091 0.00585 -0.0259 -0.091 0.01578178 0.00263351 -0.091 0.01578178 -0.00263351 -0.091 0.01407158 -0.00761516 -0.091 0.01083651 -0.01177158 -0.091 0.00915 -0.0259 -0.091 0.0075 -0.02490858 -0.091 0.00642713 -0.01465237 -0.091 0.00132127 -0.01594535 -0.091 -0.00392777 -0.0155104 -0.091 -0.00875117 -0.01339466 -0.091 -0.01262625 -0.0098274 -0.091 -0.016 -0 -0.091 -0.01513308 -0.00519519 -0.0905 -0.02016602 -0.023 -0.09034612 -0.02023819 -0.023 -0.09034612 -0.02006317 -0.02430306 -0.09086602 -0.0198 -0.023 -0.09070711 -0.02000711 -0.023 -0.09070711 -0.01984027 -0.02424208 -0.09093819 -0.01949208 -0.02414682 -0.09093819 -0.01964612 -0.023 -0.09093819 -0.01885577 -0.02549904 -0.09093819 -0.01779904 -0.02655577 -0.09093819 -0.01644682 -0.02719208 -0.09070711 -0.01654208 -0.02754027 -0.09034612 -0.01660306 -0.02776317 -0.09 -0.01661937 -0.02782279 -0.09 -0.0178 -0.02733013 -0.09034612 -0.01813949 -0.02704018 -0.09 -0.01817503 -0.02709075 -0.09034612 -0.01934018 -0.02583949 -0.09 -0.01939075 -0.02587503 -0.09 -0.0203 -0.023 -0.09 -0.02012279 -0.02431937 -0.09 -0.01963013 -0.0255 -0.09070711 -0.01915112 -0.02570661 -0.09070711 -0.01800661 -0.02685112 -0.091 0.0225 0.02490858 -0.08957106 0.023325 0.0259 -0.090175 0.02392894 0.0259 -0.08935 0.0225 0.0259 -0.091825 0.02392894 0.0259 -0.09242895 0.023325 0.0259 -0.091 0.02415 0.0259 -0.09242895 0.021675 0.0259 -0.091825 0.02107106 0.0259 -0.09265 0.0225 0.0259 -0.090175 0.02107106 0.0259 -0.08957106 0.021675 0.0259 -0.091 0.02085 0.0259 -0.09242895 0.008325 0.0259 -0.09265 0.0075 0.0259 -0.091825 0.00892894 0.0259 -0.091825 0.00607106 0.0259 -0.09242895 0.006675 0.0259 -0.09242895 -0.006675 0.0259 -0.09265 -0.0075 0.0259 -0.091825 -0.00607106 0.0259 -0.091825 -0.00892894 0.0259 -0.09242895 -0.008325 0.0259 -0.086 -0.0153 0.028 -0.08957106 0.008325 0.028 -0.08935 0.0075 0.028 -0.08957106 0.006675 0.028 -0.08957106 -0.006675 0.028 -0.08935 -0.0075 0.028 -0.08957106 -0.008325 0.028 -0.091 -0.0225 0.02490858 -0.090175 -0.02392894 0.0259 -0.08957106 -0.023325 0.0259 -0.091 -0.02415 0.0259 -0.08957106 -0.021675 0.0259 -0.090175 -0.02107106 0.0259 -0.08935 -0.0225 0.0259 -0.091825 -0.02107106 0.0259 -0.09242895 -0.021675 0.0259 -0.091 -0.02085 0.0259 -0.09242895 -0.023325 0.0259 -0.091825 -0.02392894 0.0259 -0.09265 -0.0225 0.0259 -0.08513194 0.0213 0.03602623 -0.08441225 0.0213 0.03621511 -0.08345671 0.0213 0.03682959 -0.08552777 -0.02122911 0.036 -0.08513194 -0.0213 0.03602623 -0.08526389 -0.02026455 0.035 -0.085 -0.0203 0.03503497 -0.086 -0.0193 0.026 -0.086 -0.0178 0.02733013 -0.086 -0.0193 0.035 -0.08552777 0.02122911 0.036 -0.09242895 0.006675 -0.0259 -0.09265 0.0075 -0.0259 -0.091825 0.00607106 -0.0259 -0.091825 0.00892894 -0.0259 -0.09242895 0.008325 -0.0259 -0.09242895 -0.008325 -0.0259 -0.09265 -0.0075 -0.0259 -0.091825 -0.00892894 -0.0259 -0.091825 -0.00607106 -0.0259 -0.09242895 -0.006675 -0.0259 -0.08957106 -0.008325 -0.028 -0.086 -0.0153 -0.028 -0.08935 -0.0075 -0.028 -0.08957106 0.006675 -0.028 -0.08957106 -0.006675 -0.028 -0.08957106 0.008325 -0.028 -0.08935 0.0075 -0.028 -0.091 -0.0225 -0.02490858 -0.090175 -0.02107106 -0.0259 -0.08957106 -0.021675 -0.0259 -0.091 -0.02085 -0.0259 -0.08957106 -0.023325 -0.0259 -0.090175 -0.02392894 -0.0259 -0.08935 -0.0225 -0.0259 -0.091825 -0.02392894 -0.0259 -0.09242895 -0.023325 -0.0259 -0.091 -0.02415 -0.0259 -0.09242895 -0.021675 -0.0259 -0.091825 -0.02107106 -0.0259 -0.09265 -0.0225 -0.0259 -0.091 0.0225 -0.02490858 -0.09242895 0.023325 -0.0259 -0.091825 0.02392894 -0.0259 -0.09265 0.0225 -0.0259 -0.090175 0.02392894 -0.0259 -0.08957106 0.023325 -0.0259 -0.091 0.02415 -0.0259 -0.08957106 0.021675 -0.0259 -0.090175 0.02107106 -0.0259 -0.08935 0.0225 -0.0259 -0.091825 0.02107106 -0.0259 -0.09242895 0.021675 -0.0259 -0.091 0.02085 -0.0259 -0.08526389 -0.02026455 -0.035 -0.085 -0.0203 -0.03503497 -0.08552777 -0.02122911 -0.036 -0.08513194 -0.0213 -0.03602623 -0.086 -0.0178 -0.02733013 -0.086 -0.0193 -0.026 -0.086 -0.0193 -0.035 -0.08513194 0.0213 -0.03602623 -0.08552777 0.02122911 -0.036 -0.08345671 0.0213 -0.03682959 -0.08441225 0.0213 -0.03621511 -0.04125 0.02795 0.0736971 -0.040125 0.02795 0.07339565 -0.03930144 0.02795 0.0725721 -0.039 0.02795 0.0714471 -0.03930144 0.02795 0.0703221 -0.040125 0.02795 0.06949854 -0.04125 0.02795 0.0691971 -0.042375 0.02795 0.06949854 -0.04319856 0.02795 0.0703221 -0.0435 0.02795 0.0714471 -0.04319856 0.02795 0.0725721 -0.042375 0.02795 0.07339565 -0.07752464 0.02795 0.03046666 -0.07639964 0.02795 0.03016522 -0.07557608 0.02795 0.02934166 -0.07527464 0.02795 0.02821666 -0.07557608 0.02795 0.02709166 -0.07639964 0.02795 0.0262681 -0.07752464 0.02795 0.02596666 -0.07864964 0.02795 0.0262681 -0.0794732 0.02795 0.02709166 -0.07977464 0.02795 0.02821666 -0.0794732 0.02795 0.02934166 -0.07864964 0.02795 0.03016522 -0.07752464 0.02795 -0.02596666 -0.07639964 0.02795 -0.0262681 -0.07557608 0.02795 -0.02709166 -0.07527464 0.02795 -0.02821666 -0.07557608 0.02795 -0.02934166 -0.07639964 0.02795 -0.03016522 -0.07752464 0.02795 -0.03046666 -0.07864964 0.02795 -0.03016522 -0.0794732 0.02795 -0.02934166 -0.07977464 0.02795 -0.02821666 -0.0794732 0.02795 -0.02709166 -0.07864964 0.02795 -0.0262681 -0.04125 0.02795 -0.0691971 -0.040125 0.02795 -0.06949854 -0.03930144 0.02795 -0.0703221 -0.039 0.02795 -0.0714471 -0.03930144 0.02795 -0.0725721 -0.040125 0.02795 -0.07339565 -0.04125 0.02795 -0.0736971 -0.042375 0.02795 -0.07339565 -0.04319856 0.02795 -0.0725721 -0.0435 0.02795 -0.0714471 -0.04319856 0.02795 -0.0703221 -0.042375 0.02795 -0.06949854 -0.04999771 0.029 -0.0760344 -0.06014071 0.029 -0.06829418 -0.06910143 0.029 -0.05921142 -0.07670373 0.029 -0.04896465 -0.08279816 0.029 -0.03775532 -0.08279816 0.029 0.03775532 -0.07670373 0.029 0.04896465 -0.06910143 0.029 0.05921142 -0.06014071 0.029 0.06829418 -0.04999771 0.029 0.0760344 -0.04339277 0.029 -0.06421306 -0.05251475 0.029 -0.05699518 -0.06045369 0.029 -0.04849331 -0.06703073 0.029 -0.03889899 -0.0720977 0.029 -0.02842836 -0.07554046 0.029 -0.0173173 -0.07728145 0.029 -0.00581611 -0.07728145 0.029 0.00581611 -0.07554046 0.029 0.0173173 -0.0720977 0.029 0.02842836 -0.06703073 0.029 0.03889899 -0.06045369 0.029 0.04849331 -0.05251475 0.029 0.05699518 -0.04339277 0.029 0.06421306 -0.102 -0.016 -0 -0.102 -0.01513308 0.00519519 -0.102 -0.01262625 0.0098274 -0.102 -0.00875117 0.01339466 -0.102 -0.00392777 0.0155104 -0.102 0.00132127 0.01594535 -0.102 0.00642713 0.01465237 -0.102 0.01083651 0.01177158 -0.102 0.01407158 0.00761516 -0.102 0.01578178 0.00263351 -0.102 0.01578178 -0.00263351 -0.102 0.01407158 -0.00761516 -0.102 0.01083651 -0.01177158 -0.102 0.00642713 -0.01465237 -0.102 0.00132127 -0.01594535 -0.102 -0.00392777 -0.0155104 -0.102 -0.00875117 -0.01339466 -0.102 -0.01262625 -0.0098274 -0.102 -0.01513308 -0.00519519 -0.085 -0.0203 0.023 -0.08500578 -0.02029998 0.02301291 -0.0853672 -0.02023014 0.02383288 -0.08570139 -0.02001277 0.02467026 -0.08570711 -0.02000711 0.035 -0.08581522 -0.01987915 0.02500783 -0.08592388 -0.01968268 0.035 -0.08591752 -0.01969768 0.02537916 -0.08596623 -0.01955769 -0.02562146 -0.08549808 -0.02016713 -0.02414501 -0.08500578 -0.02029998 -0.02301291 -0.085 -0.0203 -0.023 -0.08555725 -0.02013034 -0.02429143 -0.08574948 -0.01996203 -0.02480706 -0.08586161 -0.01980757 -0.02516374 -0.08594348 -0.01963143 -0.02549774 -0.08586603 -0.0198 -0.035 -0.0855 -0.02016602 -0.035 -0.08279816 -0.0213 0.03775532 -0.0818883 -0.0203 0.03734042 -0.08345671 -0.0213 0.03682959 -0.08276635 -0.0203 0.03610612 -0.08441225 -0.0213 0.03621511 -0.08404041 -0.0203 0.03528681 -0.07765062 -0.0213 0.04744872 -0.07679732 -0.0203 0.0469273 -0.07137354 -0.0213 0.05645191 -0.07058921 -0.0203 0.05583156 -0.06405822 -0.0213 0.06463392 -0.06335428 -0.0203 0.06392366 -0.05581109 -0.0213 0.07187574 -0.05519778 -0.0203 0.0710859 -0.0467521 -0.0213 0.07807203 -0.04623834 -0.0203 0.07721409 -0.03701304 -0.0213 0.08313264 -0.0366063 -0.0203 0.08221909 -0.03330149 -0.0213 0.0838637 -0.03333141 -0.0203 0.08286414 -0.02964031 -0.0213 0.08291198 -0.03010095 -0.0203 0.0820244 -0.02675464 -0.0213 0.08046599 -0.02755477 -0.0203 0.07986616 -0.02521601 -0.0213 0.07701018 -0.02619716 -0.0203 0.07681692 -0.02532918 -0.0213 0.07322901 -0.02629701 -0.0203 0.0734806 -0.02707172 -0.0213 0.0698714 -0.02783455 -0.0203 0.070518 -0.03009851 -0.0213 0.06760237 -0.03050525 -0.0203 0.06851591 -0.03009851 -0.0213 -0.06760237 -0.03050525 -0.0203 -0.06851591 -0.04008641 -0.0213 -0.06220193 -0.04062812 -0.0203 -0.06304249 -0.04913054 -0.0213 -0.05533706 -0.04979447 -0.0203 -0.05608486 -0.05701798 -0.0213 -0.04716938 -0.05778849 -0.0203 -0.0478068 -0.06356303 -0.0213 -0.03789117 -0.06442199 -0.0203 -0.03840321 -0.06861161 -0.0213 -0.02772089 -0.06953879 -0.0203 -0.02809549 -0.07204484 -0.0213 -0.01689797 -0.07301842 -0.0203 -0.01712631 -0.0737819 -0.0213 -0.00567721 -0.07477896 -0.0203 -0.00575393 -0.0737819 -0.0213 0.00567721 -0.07477896 -0.0203 0.00575393 -0.07204484 -0.0213 0.01689797 -0.07301842 -0.0203 0.01712631 -0.06861161 -0.0213 0.02772089 -0.06953879 -0.0203 0.02809549 -0.06356303 -0.0213 0.03789117 -0.06442199 -0.0203 0.03840321 -0.05701798 -0.0213 0.04716938 -0.05778849 -0.0203 0.0478068 -0.04913054 -0.0213 0.05533706 -0.04979447 -0.0203 0.05608486 -0.04008641 -0.0213 0.06220193 -0.04062812 -0.0203 0.06304249 -0.02707172 -0.0213 -0.0698714 -0.02783455 -0.0203 -0.070518 -0.02532918 -0.0213 -0.07322901 -0.02629701 -0.0203 -0.0734806 -0.02521601 -0.0213 -0.07701018 -0.02619716 -0.0203 -0.07681692 -0.02675464 -0.0213 -0.08046599 -0.02755477 -0.0203 -0.07986616 -0.02964031 -0.0213 -0.08291198 -0.03010095 -0.0203 -0.0820244 -0.03330149 -0.0213 -0.0838637 -0.03333141 -0.0203 -0.08286414 -0.03701304 -0.0213 -0.08313264 -0.0366063 -0.0203 -0.08221909 -0.0467521 -0.0213 -0.07807203 -0.04623834 -0.0203 -0.07721409 -0.05581109 -0.0213 -0.07187574 -0.05519778 -0.0203 -0.0710859 -0.06405822 -0.0213 -0.06463392 -0.06335428 -0.0203 -0.06392366 -0.07137354 -0.0213 -0.05645191 -0.07058921 -0.0203 -0.05583156 -0.07765062 -0.0213 -0.04744872 -0.07679732 -0.0203 -0.0469273 -0.08279816 -0.0213 -0.03775532 -0.0818883 -0.0203 -0.03734042 -0.08441225 -0.0213 -0.03621511 -0.08404041 -0.0203 -0.03528681 -0.08345671 -0.0213 -0.03682959 -0.08276635 -0.0203 -0.03610612 -0.091 0.02085 0.036 -0.090175 0.02107106 0.036 -0.08957106 0.021675 0.036 -0.08935 0.0225 0.036 -0.08957106 0.023325 0.036 -0.090175 0.02392894 0.036 -0.091 0.02415 0.036 -0.091825 0.02392894 0.036 -0.09242895 0.023325 0.036 -0.09265 0.0225 0.036 -0.09242895 0.021675 0.036 -0.091825 0.02107106 0.036 -0.090175 0.00892894 0.036 -0.08957106 0.008325 0.036 -0.08935 0.0075 0.036 -0.08957106 0.006675 0.036 -0.090175 0.00607106 0.036 -0.091825 0.00892894 0.036 -0.091 0.00915 0.036 -0.091 0.00585 0.036 -0.09242895 0.008325 0.036 -0.09265 0.0075 0.036 -0.09242895 0.006675 0.036 -0.091825 0.00607106 0.036 -0.090175 -0.00607106 0.036 -0.08957106 -0.006675 0.036 -0.08935 -0.0075 0.036 -0.08957106 -0.008325 0.036 -0.090175 -0.00892894 0.036 -0.091825 -0.00607106 0.036 -0.091 -0.00585 0.036 -0.091 -0.00915 0.036 -0.09242895 -0.006675 0.036 -0.09265 -0.0075 0.036 -0.09242895 -0.008325 0.036 -0.091825 -0.00892894 0.036 -0.091 -0.02415 0.036 -0.090175 -0.02392894 0.036 -0.08957106 -0.023325 0.036 -0.08935 -0.0225 0.036 -0.08957106 -0.021675 0.036 -0.090175 -0.02107106 0.036 -0.091 -0.02085 0.036 -0.091825 -0.02107106 0.036 -0.09242895 -0.021675 0.036 -0.09265 -0.0225 0.036 -0.09242895 -0.023325 0.036 -0.091825 -0.02392894 0.036 -0.08345671 0.029 0.03682959 -0.08441225 0.029 0.03621511 -0.08552777 0.029 0.036 -0.087 -0.0193 0.036 -0.08684776 -0.02006537 0.036 -0.08641421 -0.02071421 0.036 -0.087 0.0193 0.036 -0.08681409 0.02014206 0.036 -0.08629093 0.02082758 0.036 -0.090175 0.00607106 -0.036 -0.08957106 0.006675 -0.036 -0.08935 0.0075 -0.036 -0.08957106 0.008325 -0.036 -0.090175 0.00892894 -0.036 -0.091825 0.00607106 -0.036 -0.091 0.00585 -0.036 -0.091 0.00915 -0.036 -0.09242895 0.006675 -0.036 -0.09265 0.0075 -0.036 -0.09242895 0.008325 -0.036 -0.091825 0.00892894 -0.036 -0.090175 -0.00892894 -0.036 -0.08957106 -0.008325 -0.036 -0.08935 -0.0075 -0.036 -0.08957106 -0.006675 -0.036 -0.090175 -0.00607106 -0.036 -0.091825 -0.00892894 -0.036 -0.091 -0.00915 -0.036 -0.091 -0.00585 -0.036 -0.09242895 -0.008325 -0.036 -0.09265 -0.0075 -0.036 -0.09242895 -0.006675 -0.036 -0.091825 -0.00607106 -0.036 -0.091 -0.02085 -0.036 -0.090175 -0.02107106 -0.036 -0.08957106 -0.021675 -0.036 -0.08935 -0.0225 -0.036 -0.08957106 -0.023325 -0.036 -0.090175 -0.02392894 -0.036 -0.091 -0.02415 -0.036 -0.091825 -0.02392894 -0.036 -0.09242895 -0.023325 -0.036 -0.09265 -0.0225 -0.036 -0.09242895 -0.021675 -0.036 -0.091825 -0.02107106 -0.036 -0.091 0.02415 -0.036 -0.090175 0.02392894 -0.036 -0.08957106 0.023325 -0.036 -0.08935 0.0225 -0.036 -0.08957106 0.021675 -0.036 -0.090175 0.02107106 -0.036 -0.091 0.02085 -0.036 -0.091825 0.02107106 -0.036 -0.09242895 0.021675 -0.036 -0.09265 0.0225 -0.036 -0.09242895 0.023325 -0.036 -0.091825 0.02392894 -0.036 -0.086 -0.02103205 -0.036 -0.08673205 -0.0203 -0.036 -0.087 -0.0193 -0.036 -0.087 0.0193 -0.036 -0.08629093 0.02082758 -0.036 -0.08681409 0.02014206 -0.036 -0.08552777 0.029 -0.036 -0.08441225 0.029 -0.03621511 -0.08345671 0.029 -0.03682959 -0.03790949 0.03 0.06873951 -0.039175 0.02985 0.06785309 -0.04057541 0.03 0.06720034 -0.04125 0.03 0.0671471 -0.0434 0.03 0.06772318 -0.04497391 0.03 0.0692971 -0.04555 0.03 0.0714471 -0.04497391 0.03 0.0735971 -0.0434 0.03 0.07517101 -0.04125 0.03 0.0757471 -0.0391 0.03 0.07517101 -0.03752609 0.03 0.0735971 -0.03695 0.03 0.0714471 -0.03752609 0.03 0.0692971 -0.07537464 0.03 0.03194057 -0.07380074 0.03 0.03036666 -0.07322526 0.03 0.02828977 -0.07390166 0.02988346 0.02612493 -0.07427812 0.03 0.02539707 -0.07537464 0.03 0.02449275 -0.07752464 0.03 0.02391666 -0.07967464 0.03 0.02449275 -0.08124855 0.03 0.02606666 -0.08182464 0.03 0.02821666 -0.08124855 0.03 0.03036666 -0.07967464 0.03 0.03194057 -0.07752464 0.03 0.03251666 -0.07322526 0.03 -0.02828977 -0.07427812 0.03 -0.02539707 -0.07390166 0.02988346 -0.02612493 -0.07380074 0.03 -0.03036666 -0.07537464 0.03 -0.03194057 -0.07752464 0.03 -0.03251666 -0.07967464 0.03 -0.03194057 -0.08124855 0.03 -0.03036666 -0.08182464 0.03 -0.02821666 -0.08124855 0.03 -0.02606666 -0.07967464 0.03 -0.02449275 -0.07752464 0.03 -0.02391666 -0.07537464 0.03 -0.02449275 -0.04057541 0.03 -0.06720034 -0.039175 0.02985 -0.06785309 -0.03790949 0.03 -0.06873951 -0.03752609 0.03 -0.0692971 -0.03695 0.03 -0.0714471 -0.03752609 0.03 -0.0735971 -0.0391 0.03 -0.07517101 -0.04125 0.03 -0.0757471 -0.0434 0.03 -0.07517101 -0.04497391 0.03 -0.0735971 -0.04555 0.03 -0.0714471 -0.04497391 0.03 -0.0692971 -0.0434 0.03 -0.06772318 -0.04125 0.03 -0.0671471 -0.04944828 0.03 -0.07519885 -0.05947982 0.03 -0.0675437 -0.06834207 0.03 -0.05856074 -0.07586084 0.03 -0.04842658 -0.0818883 0.03 -0.03734042 -0.08552777 0.03 -0.035 -0.08404041 0.03 -0.03528681 -0.08276635 0.03 -0.03610612 -0.098 0.03 -0.035 -0.098 0.029 -0.036 -0.08552777 0.03 0.035 -0.098 0.03 0.035 -0.098 0.029 0.036 -0.0818883 0.03 0.03734042 -0.08276635 0.03 0.03610612 -0.08404041 0.03 0.03528681 -0.07586084 0.03 0.04842658 -0.06834207 0.03 0.05856074 -0.05947982 0.03 0.0675437 -0.04944828 0.03 0.07519885 -0.07302799 0.03 0.02879518 -0.06789564 0.03 0.03940092 -0.06123374 0.03 0.04911903 -0.05319237 0.03 0.0577306 -0.04395268 0.03 0.06504162 -0.07651518 0.03 -0.01754074 -0.07827863 0.03 -0.00589115 -0.07827863 0.03 0.00589115 -0.07651518 0.03 0.01754074 -0.04395268 0.03 -0.06504162 -0.05319237 0.03 -0.0577306 -0.06123374 0.03 -0.04911903 -0.06789564 0.03 -0.03940092 -0.07302799 0.03 -0.02879518 -0.102 0.01635011 -0.01617633 -0.102 0.02 0.01135782 -0.102 0.02 -0.01135782 -0.102 0.01635011 0.01617633 -0.102 0.01157087 0.0198775 -0.102 0.00599239 0.02220566 -0.102 -0.02 0.01135782 -0.102 -0.01635011 0.01617633 -0.102 -0.01157087 0.0198775 -0.102 -0.00599239 0.02220566 -0.102 0 0.023 -0.102 -0.02 -0.01135782 -0.102 -0.01635011 -0.01617633 -0.102 -0.01157087 -0.0198775 -0.102 -0.00599239 -0.02220566 -0.102 -0 -0.023 -0.102 0.00599239 -0.02220566 -0.102 0.01157087 -0.0198775 -0.03580577 -0.0203 -0.0753675 -0.03550433 -0.0203 -0.0764925 -0.0800494 -0.0203 0.02220856 -0.0811744 -0.0203 0.02190711 -0.08199795 -0.0203 0.02108356 -0.0822994 -0.0203 0.01995856 -0.03468077 -0.0203 -0.07731606 -0.03355577 -0.0203 -0.0776175 -0.03243077 -0.0203 -0.07731606 -0.03160721 -0.0203 -0.0764925 -0.03130577 -0.0203 -0.0753675 -0.03160721 -0.0203 -0.0742425 -0.08199795 -0.0203 0.01883356 -0.0811744 -0.0203 0.01801 -0.0800494 -0.0203 0.01770856 -0.0789244 -0.0203 0.01801 -0.07527551 -0.0203 -0.03811418 -0.03468077 -0.0203 -0.07341895 -0.03550433 -0.0203 -0.0742425 -0.03355577 -0.0203 -0.0731175 -0.07415051 -0.0203 -0.03841562 -0.07302551 -0.0203 -0.03811418 -0.04849228 -0.0203 0.0689939 -0.04654372 -0.0203 0.0678689 -0.07640051 -0.0203 -0.03616562 -0.07609907 -0.0203 -0.03729062 -0.07302551 -0.0203 -0.03421706 -0.07415051 -0.0203 -0.03391562 -0.07527551 -0.0203 -0.03421706 -0.07609907 -0.0203 -0.03504062 -0.04961728 -0.0203 0.06479535 -0.04849228 -0.0203 0.0644939 -0.04736728 -0.0203 0.06869246 -0.03243077 -0.0203 -0.07341895 -0.07220195 -0.0203 -0.03729062 -0.07190051 -0.0203 -0.03616562 -0.07220195 -0.0203 -0.03504062 -0.04624228 -0.0203 0.0667439 -0.04654372 -0.0203 0.0656189 -0.04736728 -0.0203 0.06479535 -0.05044084 -0.0203 0.0656189 -0.07810084 -0.0203 0.01883356 -0.07779939 -0.0203 0.01995856 -0.07810084 -0.0203 0.02108356 -0.0789244 -0.0203 0.02190711 -0.04961728 -0.0203 0.06869246 -0.05044084 -0.0203 0.0678689 -0.05074228 -0.0203 0.0667439 -0.0800494 -0.02795 0.01770856 -0.0789244 -0.02795 0.01801 -0.07810084 -0.02795 0.01883356 -0.07779939 -0.02795 0.01995856 -0.07810084 -0.02795 0.02108356 -0.0789244 -0.02795 0.02190711 -0.0800494 -0.02795 0.02220856 -0.0811744 -0.02795 0.02190711 -0.08199795 -0.02795 0.02108356 -0.0822994 -0.02795 0.01995856 -0.08199795 -0.02795 0.01883356 -0.0811744 -0.02795 0.01801 -0.07415051 -0.02795 -0.03841562 -0.07302551 -0.02795 -0.03811418 -0.07220195 -0.02795 -0.03729062 -0.07190051 -0.02795 -0.03616562 -0.07220195 -0.02795 -0.03504062 -0.07302551 -0.02795 -0.03421706 -0.07415051 -0.02795 -0.03391562 -0.07527551 -0.02795 -0.03421706 -0.07609907 -0.02795 -0.03504062 -0.07640051 -0.02795 -0.03616562 -0.07609907 -0.02795 -0.03729062 -0.07527551 -0.02795 -0.03811418 -0.08279816 -0.029 0.03775532 -0.08345671 -0.029 0.03682959 -0.08441225 -0.029 0.03621511 -0.08552777 -0.029 0.036 -0.07765062 -0.029 0.04744872 -0.07137354 -0.029 0.05645191 -0.06405822 -0.029 0.06463392 -0.05581109 -0.029 0.07187574 -0.0467521 -0.029 0.07807203 -0.03701304 -0.029 0.08313264 -0.03330149 -0.029 0.0838637 -0.02964031 -0.029 0.08291198 -0.02675464 -0.029 0.08046599 -0.02521601 -0.029 0.07701018 -0.02532918 -0.029 0.07322901 -0.02707172 -0.029 0.0698714 -0.03009851 -0.029 0.06760237 -0.04008641 -0.029 0.06220193 -0.04913054 -0.029 0.05533706 -0.05701798 -0.029 0.04716938 -0.06356303 -0.029 0.03789117 -0.06861161 -0.029 0.02772089 -0.07204484 -0.029 0.01689797 -0.0737819 -0.029 0.00567721 -0.0737819 -0.029 -0.00567721 -0.07204484 -0.029 -0.01689797 -0.06861161 -0.029 -0.02772089 -0.06356303 -0.029 -0.03789117 -0.05701798 -0.029 -0.04716938 -0.04913054 -0.029 -0.05533706 -0.04008641 -0.029 -0.06220193 -0.03009851 -0.029 -0.06760237 -0.02707172 -0.029 -0.0698714 -0.02532918 -0.029 -0.07322901 -0.02521601 -0.029 -0.07701018 -0.02675464 -0.029 -0.08046599 -0.02964031 -0.029 -0.08291198 -0.03330149 -0.029 -0.0838637 -0.03701304 -0.029 -0.08313264 -0.0467521 -0.029 -0.07807203 -0.05581109 -0.029 -0.07187574 -0.06405822 -0.029 -0.06463392 -0.07137354 -0.029 -0.05645191 -0.07765062 -0.029 -0.04744872 -0.08279816 -0.029 -0.03775532 -0.08345671 -0.029 -0.03682959 -0.08441225 -0.029 -0.03621511 -0.08552777 -0.029 -0.036 -0.098 -0.029 0.036 -0.098 -0.029 -0.036 -0.098 -0.02 -0.01135782 -0.098 -0.02 0.01135782 -0.098 -0.01635011 0.01617633 -0.098 -0.01157087 0.0198775 -0.098 -0.00599239 0.02220566 -0.098 0 0.023 -0.098 0.00599239 0.02220566 -0.098 0.01157087 0.0198775 -0.098 0.01635011 0.01617633 -0.098 0.02 0.01135782 -0.098 0.02 -0.01135782 -0.098 0.01635011 -0.01617633 -0.098 0.01157087 -0.0198775 -0.098 0.00599239 -0.02220566 -0.098 -0 -0.023 -0.098 -0.00599239 -0.02220566 -0.098 -0.01157087 -0.0198775 -0.098 -0.01635011 -0.01617633 -0.04849228 -0.02795 0.0644939 -0.04736728 -0.02795 0.06479535 -0.04654372 -0.02795 0.0656189 -0.04624228 -0.02795 0.0667439 -0.04654372 -0.02795 0.0678689 -0.04736728 -0.02795 0.06869246 -0.04849228 -0.02795 0.0689939 -0.04961728 -0.02795 0.06869246 -0.05044084 -0.02795 0.0678689 -0.05074228 -0.02795 0.0667439 -0.05044084 -0.02795 0.0656189 -0.04961728 -0.02795 0.06479535 -0.03355577 -0.02795 -0.0776175 -0.03243077 -0.02795 -0.07731606 -0.03160721 -0.02795 -0.0764925 -0.03130577 -0.02795 -0.0753675 -0.03160721 -0.02795 -0.0742425 -0.03243077 -0.02795 -0.07341895 -0.03355577 -0.02795 -0.0731175 -0.03468077 -0.02795 -0.07341895 -0.03550433 -0.02795 -0.0742425 -0.03580577 -0.02795 -0.0753675 -0.03550433 -0.02795 -0.0764925 -0.03468077 -0.02795 -0.07731606 -0.0778994 -0.03 0.01623465 -0.07632549 -0.03 0.01780856 -0.0757494 -0.03 0.01995856 -0.07632549 -0.03 0.02210856 -0.0778994 -0.03 0.02368247 -0.0800494 -0.03 0.02425856 -0.08219939 -0.03 0.02368247 -0.08377331 -0.03 0.02210856 -0.08434939 -0.03 0.01995856 -0.08377331 -0.03 0.01780856 -0.08219939 -0.03 0.01623465 -0.0800494 -0.03 0.01565856 -0.07200051 -0.03 -0.03988953 -0.0704266 -0.03 -0.03831562 -0.06985051 -0.03 -0.03616562 -0.0704266 -0.03 -0.03401562 -0.07200051 -0.03 -0.03244171 -0.07415051 -0.03 -0.03186562 -0.07630051 -0.03 -0.03244171 -0.07787441 -0.03 -0.03401562 -0.07845051 -0.03 -0.03616562 -0.07787441 -0.03 -0.03831562 -0.07630051 -0.03 -0.03988953 -0.07415051 -0.03 -0.04046562 -0.098 -0.03 0.035 -0.08552777 -0.03 0.035 -0.08404041 -0.03 0.03528681 -0.08276635 -0.03 0.03610612 -0.0818883 -0.03 0.03734042 -0.0366063 -0.03 0.08221909 -0.04623834 -0.03 0.07721409 -0.05519778 -0.03 0.0710859 -0.06335428 -0.03 0.06392366 -0.07058921 -0.03 0.05583156 -0.07679732 -0.03 0.0469273 -0.03050525 -0.03 0.06851591 -0.02783455 -0.03 0.070518 -0.02629701 -0.03 0.0734806 -0.02619716 -0.03 0.07681692 -0.02755477 -0.03 0.07986616 -0.03010095 -0.03 0.0820244 -0.03333141 -0.03 0.08286414 -0.04062812 -0.03 0.06304249 -0.04979447 -0.03 0.05608486 -0.05778849 -0.03 0.0478068 -0.06442199 -0.03 0.03840321 -0.06953879 -0.03 0.02809549 -0.07301842 -0.03 0.01712631 -0.07477896 -0.03 0.00575393 -0.07477896 -0.03 -0.00575393 -0.07301842 -0.03 -0.01712631 -0.06953879 -0.03 -0.02809549 -0.06442199 -0.03 -0.03840321 -0.05778849 -0.03 -0.0478068 -0.04979447 -0.03 -0.05608486 -0.04062812 -0.03 -0.06304249 -0.03050525 -0.03 -0.06851591 -0.0366063 -0.03 -0.08221909 -0.03333141 -0.03 -0.08286414 -0.03010095 -0.03 -0.0820244 -0.02755477 -0.03 -0.07986616 -0.02619716 -0.03 -0.07681692 -0.02629701 -0.03 -0.0734806 -0.02783455 -0.03 -0.070518 -0.0818883 -0.03 -0.03734042 -0.07679732 -0.03 -0.0469273 -0.07058921 -0.03 -0.05583156 -0.06335428 -0.03 -0.06392366 -0.05519778 -0.03 -0.0710859 -0.04623834 -0.03 -0.07721409 -0.08276635 -0.03 -0.03610612 -0.08404041 -0.03 -0.03528681 -0.08552777 -0.03 -0.035 -0.098 -0.03 -0.035 -0.098 -0 -0.023 -0.098 0 0.023 -0.04476837 -0.03 0.0688939 -0.04634228 -0.03 0.07046781 -0.04849228 -0.03 0.0710439 -0.05064228 -0.03 0.07046781 -0.05221619 -0.03 0.0688939 -0.05279228 -0.03 0.0667439 -0.05221619 -0.03 0.0645939 -0.05064228 -0.03 0.06301999 -0.04849228 -0.03 0.0624439 -0.04634228 -0.03 0.06301999 -0.04476837 -0.03 0.0645939 -0.04419228 -0.03 0.0667439 -0.03140577 -0.03 -0.07909141 -0.02983186 -0.03 -0.0775175 -0.02925577 -0.03 -0.0753675 -0.02983186 -0.03 -0.0732175 -0.03140577 -0.03 -0.07164359 -0.03355577 -0.03 -0.0710675 -0.03570577 -0.03 -0.07164359 -0.03727968 -0.03 -0.0732175 -0.03785577 -0.03 -0.0753675 -0.03727968 -0.03 -0.0775175 -0.03570577 -0.03 -0.07909141 -0.03355577 -0.03 -0.0796675 -0.01922159 0.02225 -0.04420147 -0.02636271 0.02225 -0.04035155 -0.02636271 0.02275 -0.04035155 -0.02827421 0.02275 -0.03903599 -0.02827421 0.02225 -0.03903599 -0.03600476 0.02225 -0.03204523 -0.03600476 0.02275 -0.03204523 -0.04205177 0.02225 -0.02355608 -0.04205177 0.02275 -0.02355608 -0.04613248 0.02225 -0.01396546 -0.04613248 0.02275 -0.01396546 -0.04805609 0.02225 -0.00372183 -0.04805609 0.02275 -0.00372183 -0.04773265 0.02225 0.00669582 -0.04773265 0.02275 0.00669582 -0.04517729 0.02225 0.01680038 -0.04517729 0.02275 0.01680038 -0.04050948 0.02225 0.02611938 -0.04050948 0.02275 0.02611938 -0.03394749 0.02225 0.03421707 -0.03394749 0.02275 0.03421707 -0.02579817 0.02225 0.0407148 -0.02579817 0.02275 0.0407148 -0.01644254 0.02225 0.04530875 -0.01644254 0.02275 0.04530875 -0.00631808 0.02225 0.04778412 -0.00631808 0.02275 0.04778412 0.00410181 0.02225 0.04802515 0.00410181 0.02275 0.04802515 0.0143299 0.02225 0.04602059 0.0143299 0.02275 0.04602059 0.02388794 0.02225 0.04186415 0.02388794 0.02275 0.04186415 0.032329 0.02225 0.03575018 0.032329 0.02275 0.03575018 0.0392584 0.02225 0.02796458 0.0392584 0.02275 0.02796458 0.04435212 0.02225 0.01887139 0.04435212 0.02275 0.01887139 0.04737198 0.02225 0.00889579 0.04737198 0.02275 0.00889579 0.04817678 0.02225 -0.00149576 0.04817678 0.02275 -0.00149576 0.04672889 0.02225 -0.01181738 0.04672889 0.02275 -0.01181738 0.04309602 0.02225 -0.02158642 0.04309602 0.02275 -0.02158642 0.03744801 0.02225 -0.03034611 0.03744801 0.02275 -0.03034611 0.03004898 0.02225 -0.03768685 0.03004898 0.02275 -0.03768685 0.02124489 0.02225 -0.0432654 0.02124489 0.02275 -0.0432654 0.01144741 0.02225 -0.0468209 0.01144741 0.02275 -0.0468209 0.00111467 0.02225 -0.04818711 0.00111467 0.02275 -0.04818711 -0.00927019 0.02225 -0.04730014 -0.00927019 0.02275 -0.04730014 -0.01922159 0.02275 -0.04420147 -0.04056296 0.02225 -0.05079022 -0.03555137 0.02225 -0.05441599 -0.03555137 0.02025 -0.05441599 -0.03021782 0.02025 -0.05754897 -0.03021782 0.02225 -0.05754897 -0.01878053 0.02225 -0.06222774 -0.01878053 0.02025 -0.06222774 -0.00666447 0.02225 -0.06465744 -0.00666447 0.02025 -0.06465744 0.00569247 0.02225 -0.06475025 0.00569247 0.02025 -0.06475025 0.01784367 0.02225 -0.06250283 0.01784367 0.02025 -0.06250283 0.02934995 0.02225 -0.05799638 0.02934995 0.02025 -0.05799638 0.03979544 0.02225 -0.0513938 0.03979544 0.02025 -0.0513938 0.04880263 0.02225 -0.04293371 0.04880263 0.02025 -0.04293371 0.05604596 0.02225 -0.03292188 0.05604596 0.02025 -0.03292188 0.06126365 0.02225 -0.02172018 0.06126365 0.02025 -0.02172018 0.0642671 0.02225 -0.00973344 0.0642671 0.02025 -0.00973344 0.06494778 0.02225 0.00260508 0.06494778 0.02025 0.00260508 0.06328107 0.02225 0.01484945 0.06328107 0.02025 0.01484945 0.05932722 0.02225 0.02655712 0.05932722 0.02025 0.02655712 0.05322913 0.02225 0.03730495 0.05322913 0.02025 0.03730495 0.04520721 0.02225 0.04670449 0.04520721 0.02025 0.04670449 0.03555137 0.02225 0.05441599 0.03555137 0.02025 0.05441599 0.02461062 0.02225 0.06016077 0.02461062 0.02025 0.06016077 0.01278037 0.02225 0.06373117 0.01278037 0.02025 0.06373117 0.00048821 0.02225 0.06499816 0.00048821 0.02025 0.06499816 -0.0118216 0.02225 0.06391596 -0.0118216 0.02025 0.06391596 -0.02370414 0.02225 0.06052367 -0.02370414 0.02025 0.06052367 -0.03472995 0.02225 0.05494388 -0.03472995 0.02025 0.05494388 -0.04450054 0.02225 0.04737829 -0.04450054 0.02025 0.04737829 -0.05266276 0.02225 0.03810032 -0.05266276 0.02025 0.03810032 -0.0589216 0.02225 0.02744531 -0.0589216 0.02025 0.02744531 -0.06305087 0.02225 0.01579835 -0.06305087 0.02025 0.01579835 -0.06490131 0.02225 0.00358039 -0.06490131 0.02025 0.00358039 -0.06440606 0.02225 -0.00876697 -0.06440606 0.02025 -0.00876697 -0.061583 0.02225 -0.02079746 -0.061583 0.02025 -0.02079746 -0.05653417 0.02225 -0.03207628 -0.05653417 0.02025 -0.03207628 -0.04944205 0.02225 -0.04219578 -0.04944205 0.02025 -0.04219578 -0.04056296 0.02025 -0.05079022 0.06197136 -0.02025 0.04044194 0.06904954 -0.02025 0.05374394 0.05375427 -0.02025 0.05085743 0.05926183 -0.02025 0.06437613 0.04380947 -0.02025 0.05963833 0.04785761 -0.02025 0.0732523 0.04047387 -0.02025 0.06195052 -0.00038808 -0.02025 -0.07399898 0.00722611 -0.02025 -0.08720111 0.01283119 -0.02025 -0.07287908 0.02148039 -0.02025 -0.08482242 0.02563805 -0.02025 -0.06941679 0.03514873 -0.02025 -0.08013 0.03762088 -0.02025 -0.06372338 0.04785832 -0.02025 -0.07325184 0.04839455 -0.02025 -0.05598185 0.05926244 -0.02025 -0.06437556 0.05761277 -0.02025 -0.04644102 0.06905005 -0.02025 -0.05374328 0.06497928 -0.02025 -0.03540754 0.07695415 -0.02025 -0.04164503 0.07025729 -0.02025 -0.02323603 0.08275914 -0.02025 -0.02841081 0.07327718 -0.02025 -0.01031769 0.08630668 -0.02025 -0.01440161 0.07394188 -0.02025 0.00293227 0.0875 -0.02025 4.2E-07 0.07223003 -0.02025 0.01608798 0.08630654 -0.02025 0.01440244 0.06819665 -0.02025 0.02872661 0.08275887 -0.02025 0.0284116 0.07695375 -0.02025 0.04164577 0.0324566 -0.02025 0.0665024 0.03514796 -0.02025 0.08013034 0.02006054 -0.02025 0.07122903 0.02147957 -0.02025 0.08482262 0.00701973 -0.02025 0.0736663 0.00722527 -0.02025 0.08720118 -0.0062467 -0.02025 0.07373587 -0.00722611 -0.02025 0.08720111 -0.01931236 -0.02025 0.07143551 -0.02148039 -0.02025 0.08482242 -0.03175731 -0.02025 0.06683916 -0.03514874 -0.02025 0.08013 -0.04318155 -0.02025 0.06009454 -0.04785832 -0.02025 0.07325184 -0.0532179 -0.02025 0.05141843 -0.05926245 -0.02025 0.06437556 -0.06154378 -0.02025 0.04108969 -0.06905005 -0.02025 0.05374328 -0.06789159 -0.02025 0.0294403 -0.07695415 -0.02025 0.04164503 -0.08275914 -0.02025 0.02841081 -0.07205731 -0.02025 0.01684467 -0.08630668 -0.02025 0.01440161 -0.07390705 -0.02025 0.00370764 -0.0875 -0.02025 -4.2E-07 -0.07338137 -0.02025 -0.00954856 -0.08630654 -0.02025 -0.01440244 -0.07049713 -0.02025 -0.02249786 -0.08275887 -0.02025 -0.0284116 -0.06534707 -0.02025 -0.03472406 -0.07695375 -0.02025 -0.04164577 -0.0580967 -0.02025 -0.0458342 -0.06904954 -0.02025 -0.05374394 -0.04897904 -0.02025 -0.05547119 -0.05926183 -0.02025 -0.06437612 -0.03828717 -0.02025 -0.06332529 -0.04785761 -0.02025 -0.0732523 -0.02636471 -0.02025 -0.06914406 -0.03514796 -0.02025 -0.08013033 -0.01359487 -0.02025 -0.0727405 -0.02147957 -0.02025 -0.08482262 -0.00722527 -0.02025 -0.08720118 0.05926183 0.02025 0.06437613 0.04785761 0.02025 0.0732523 0.04785761 0.01975 0.0732523 0.04785761 0.01075 0.0732523 0.04785761 0.00675 0.0732523 0.04785761 -0.00525 0.0732523 0.04785761 -0.00825 0.0732523 -0.04785761 -0.00825 -0.0732523 -0.04785761 -0.00525 -0.0732523 -0.03514796 0.02025 -0.08013033 -0.04785761 0.01075 -0.0732523 -0.04785761 0.01275 -0.0732523 -0.05926183 0.02025 -0.06437612 -0.04785761 0.01975 -0.0732523 -0.04785761 0.01675 -0.0732523 -0.04785761 0.00675 -0.0732523 -0.04785761 0.00475 -0.0732523 -0.04785761 0.02025 -0.0732523 -0.04785761 0.00075 -0.0732523 -0.04785761 -0.00125 -0.0732523 0.06904954 0.02025 0.05374394 0.07695375 0.02025 0.04164577 0.08275887 0.02025 0.0284116 0.08630654 0.02025 0.01440244 0.0875 0.02025 4.2E-07 0.08630668 0.02025 -0.01440161 0.08275914 0.02025 -0.02841081 0.07695415 0.02025 -0.04164503 0.06905005 0.02025 -0.05374328 0.05926244 0.02025 -0.06437556 0.04785832 0.02025 -0.07325184 0.03514873 0.02025 -0.08013 0.02148039 0.02025 -0.08482242 0.00722611 0.02025 -0.08720111 -0.00722527 0.02025 -0.08720118 -0.02147957 0.02025 -0.08482262 -0.06904954 0.02025 -0.05374394 -0.07695375 0.02025 -0.04164577 -0.08275887 0.02025 -0.0284116 -0.08630654 0.02025 -0.01440244 -0.0875 0.02025 -4.2E-07 -0.08630668 0.02025 0.01440161 -0.08275914 0.02025 0.02841081 -0.07695415 0.02025 0.04164503 -0.06905005 0.02025 0.05374328 -0.05926245 0.02025 0.06437556 -0.04785832 0.02025 0.07325184 -0.03514874 0.02025 0.08013 -0.02148039 0.02025 0.08482242 -0.00722611 0.02025 0.08720111 0.00722527 0.02025 0.08720118 0.02147957 0.02025 0.08482262 0.03514796 0.02025 0.08013034 0.04785761 -0.00125 0.0732523 0.04785761 0.00075 0.0732523 0.04785761 0.00475 0.0732523 0.04785761 0.01275 0.0732523 0.04785761 0.01675 0.0732523 -0.07390705 -0.03225 0.00370764 -0.07205731 -0.02125 0.01684467 -0.07338137 -0.03225 -0.00954856 -0.07049713 -0.03225 -0.02249786 -0.06534707 -0.03225 -0.03472406 -0.0580967 -0.03225 -0.0458342 -0.04897904 -0.03225 -0.05547119 -0.03828717 -0.03225 -0.06332529 -0.02636471 -0.03225 -0.06914406 -0.01359487 -0.03225 -0.0727405 -0.00038808 -0.03225 -0.07399898 0.01283119 -0.03225 -0.07287908 0.02563805 -0.03225 -0.06941679 0.03762088 -0.03225 -0.06372338 0.04839455 -0.03225 -0.05598185 0.05761277 -0.03225 -0.04644102 0.06497928 -0.03225 -0.03540754 0.07025729 -0.03225 -0.02323603 0.07327718 -0.03225 -0.01031769 0.07394188 -0.03225 0.00293227 0.07223003 -0.03225 0.01608798 0.06819665 -0.03225 0.02872661 0.06197136 -0.03225 0.04044194 0.05375427 -0.03225 0.05085743 0.04380947 -0.03225 0.05963833 0.04047387 -0.03225 0.06195052 0.0324566 -0.03225 0.0665024 -0.07205731 -0.03175 0.01684467 0.02006054 -0.03225 0.07122903 0.00701973 -0.03225 0.0736663 -0.0062467 -0.03225 0.07373587 -0.01931236 -0.03225 0.07143551 -0.03175731 -0.03225 0.06683916 -0.04318155 -0.03225 0.06009454 -0.0532179 -0.03225 0.05141843 -0.06154378 -0.03225 0.04108969 -0.06789159 -0.03225 0.0294403 -0.07205731 -0.03225 0.01684467 0 -0.03225 -0 0 0.02275 -0 -0.089875 0.02055144 0.0394 -0.089 0.0190359 0.0394 -0.08905144 0.021375 0.0394 -0.0875359 0.0205 0.0394 -0.08875 0.0225 0.0394 -0.087 0.0225 0.0394 -0.08905144 0.023625 0.0394 -0.0875359 0.0245 0.0394 -0.089875 0.02444856 0.0394 -0.089 0.0259641 0.0394 -0.091 0.02475 0.0394 -0.091 0.0265 0.0394 -0.092125 0.02444856 0.0394 -0.093 0.0259641 0.0394 -0.09294856 0.023625 0.0394 -0.0944641 0.0245 0.0394 -0.09325 0.0225 0.0394 -0.095 0.0225 0.0394 -0.09294856 0.021375 0.0394 -0.0944641 0.0205 0.0394 -0.092125 0.02055144 0.0394 -0.093 0.0190359 0.0394 -0.091 0.02025 0.0394 -0.091 0.0185 0.0394 -0.08875 0.0075 0.0394 -0.087 0.0075 0.0394 -0.08905144 0.008625 0.0394 -0.0875359 0.0095 0.0394 -0.089875 0.00944856 0.0394 -0.089 0.0109641 0.0394 -0.091 0.00975 0.0394 -0.091 0.0115 0.0394 -0.092125 0.00944856 0.0394 -0.093 0.0109641 0.0394 -0.09294856 0.008625 0.0394 -0.0944641 0.0095 0.0394 -0.09325 0.0075 0.0394 -0.095 0.0075 0.0394 -0.09294856 0.006375 0.0394 -0.0944641 0.0055 0.0394 -0.092125 0.00555144 0.0394 -0.093 0.0040359 0.0394 -0.091 0.00525 0.0394 -0.091 0.0035 0.0394 -0.089875 0.00555144 0.0394 -0.089 0.0040359 0.0394 -0.08905144 0.006375 0.0394 -0.0875359 0.0055 0.0394 -0.09294856 -0.008625 0.0394 -0.0944641 -0.0095 0.0394 -0.092125 -0.00944856 0.0394 -0.093 -0.0109641 0.0394 -0.091 -0.00975 0.0394 -0.091 -0.0115 0.0394 -0.089875 -0.00944856 0.0394 -0.089 -0.0109641 0.0394 -0.08905144 -0.008625 0.0394 -0.0875359 -0.0095 0.0394 -0.08875 -0.0075 0.0394 -0.087 -0.0075 0.0394 -0.08905144 -0.006375 0.0394 -0.0875359 -0.0055 0.0394 -0.089875 -0.00555144 0.0394 -0.089 -0.0040359 0.0394 -0.091 -0.00525 0.0394 -0.091 -0.0035 0.0394 -0.092125 -0.00555144 0.0394 -0.093 -0.0040359 0.0394 -0.09294856 -0.006375 0.0394 -0.0944641 -0.0055 0.0394 -0.09325 -0.0075 0.0394 -0.095 -0.0075 0.0394 -0.089875 -0.02444856 0.0394 -0.089 -0.0259641 0.0394 -0.08905144 -0.023625 0.0394 -0.0875359 -0.0245 0.0394 -0.08875 -0.0225 0.0394 -0.087 -0.0225 0.0394 -0.08905144 -0.021375 0.0394 -0.0875359 -0.0205 0.0394 -0.089875 -0.02055144 0.0394 -0.089 -0.0190359 0.0394 -0.091 -0.02025 0.0394 -0.091 -0.0185 0.0394 -0.092125 -0.02055144 0.0394 -0.093 -0.0190359 0.0394 -0.09294856 -0.021375 0.0394 -0.0944641 -0.0205 0.0394 -0.09325 -0.0225 0.0394 -0.095 -0.0225 0.0394 -0.09294856 -0.023625 0.0394 -0.0944641 -0.0245 0.0394 -0.092125 -0.02444856 0.0394 -0.093 -0.0259641 0.0394 -0.091 -0.02475 0.0394 -0.091 -0.0265 0.0394 -0.08905144 -0.008625 -0.0394 -0.0875359 -0.0095 -0.0394 -0.089875 -0.00944856 -0.0394 -0.089 -0.0109641 -0.0394 -0.091 -0.00975 -0.0394 -0.091 -0.0115 -0.0394 -0.092125 -0.00944856 -0.0394 -0.093 -0.0109641 -0.0394 -0.09294856 -0.008625 -0.0394 -0.0944641 -0.0095 -0.0394 -0.09325 -0.0075 -0.0394 -0.095 -0.0075 -0.0394 -0.09294856 -0.006375 -0.0394 -0.0944641 -0.0055 -0.0394 -0.092125 -0.00555144 -0.0394 -0.093 -0.0040359 -0.0394 -0.091 -0.00525 -0.0394 -0.091 -0.0035 -0.0394 -0.089875 -0.00555144 -0.0394 -0.089 -0.0040359 -0.0394 -0.08905144 -0.006375 -0.0394 -0.0875359 -0.0055 -0.0394 -0.08875 -0.0075 -0.0394 -0.087 -0.0075 -0.0394 -0.092125 -0.02444856 -0.0394 -0.093 -0.0259641 -0.0394 -0.09294856 -0.023625 -0.0394 -0.0944641 -0.0245 -0.0394 -0.09325 -0.0225 -0.0394 -0.095 -0.0225 -0.0394 -0.09294856 -0.021375 -0.0394 -0.0944641 -0.0205 -0.0394 -0.092125 -0.02055144 -0.0394 -0.093 -0.0190359 -0.0394 -0.091 -0.02025 -0.0394 -0.091 -0.0185 -0.0394 -0.089875 -0.02055144 -0.0394 -0.089 -0.0190359 -0.0394 -0.08905144 -0.021375 -0.0394 -0.0875359 -0.0205 -0.0394 -0.08875 -0.0225 -0.0394 -0.087 -0.0225 -0.0394 -0.08905144 -0.023625 -0.0394 -0.0875359 -0.0245 -0.0394 -0.089875 -0.02444856 -0.0394 -0.089 -0.0259641 -0.0394 -0.091 -0.02475 -0.0394 -0.091 -0.0265 -0.0394 -0.09325 0.0075 -0.0394 -0.095 0.0075 -0.0394 -0.09294856 0.008625 -0.0394 -0.0944641 0.0095 -0.0394 -0.092125 0.00944856 -0.0394 -0.093 0.0109641 -0.0394 -0.091 0.00975 -0.0394 -0.091 0.0115 -0.0394 -0.089875 0.00944856 -0.0394 -0.089 0.0109641 -0.0394 -0.08905144 0.008625 -0.0394 -0.0875359 0.0095 -0.0394 -0.08875 0.0075 -0.0394 -0.087 0.0075 -0.0394 -0.08905144 0.006375 -0.0394 -0.0875359 0.0055 -0.0394 -0.089875 0.00555144 -0.0394 -0.089 0.0040359 -0.0394 -0.091 0.00525 -0.0394 -0.091 0.0035 -0.0394 -0.092125 0.00555144 -0.0394 -0.093 0.0040359 -0.0394 -0.09294856 0.006375 -0.0394 -0.0944641 0.0055 -0.0394 -0.092125 0.02055144 -0.0394 -0.093 0.0190359 -0.0394 -0.09294856 0.021375 -0.0394 -0.0944641 0.0205 -0.0394 -0.09325 0.0225 -0.0394 -0.095 0.0225 -0.0394 -0.09294856 0.023625 -0.0394 -0.0944641 0.0245 -0.0394 -0.092125 0.02444856 -0.0394 -0.093 0.0259641 -0.0394 -0.091 0.02475 -0.0394 -0.091 0.0265 -0.0394 -0.089875 0.02444856 -0.0394 -0.089 0.0259641 -0.0394 -0.08905144 0.023625 -0.0394 -0.0875359 0.0245 -0.0394 -0.08875 0.0225 -0.0394 -0.087 0.0225 -0.0394 -0.08905144 0.021375 -0.0394 -0.0875359 0.0205 -0.0394 -0.089875 0.02055144 -0.0394 -0.089 0.0190359 -0.0394 -0.091 0.02025 -0.0394 -0.091 0.0185 -0.0394 -0.095 0.0225 0.044 -0.0944641 0.0205 0.044 -0.093 0.0190359 0.044 -0.091 0.0185 0.044 -0.089 0.0190359 0.044 -0.0875359 0.0205 0.044 -0.087 0.0225 0.044 -0.0875359 0.0245 0.044 -0.089 0.0259641 0.044 -0.091 0.0265 0.044 -0.093 0.0259641 0.044 -0.0944641 0.0245 0.044 -0.095 -0.0075 0.044 -0.0944641 -0.0095 0.044 -0.093 -0.0109641 0.044 -0.091 -0.0115 0.044 -0.089 -0.0109641 0.044 -0.0875359 -0.0095 0.044 -0.087 -0.0075 0.044 -0.0875359 -0.0055 0.044 -0.089 -0.0040359 0.044 -0.091 -0.0035 0.044 -0.093 -0.0040359 0.044 -0.0944641 -0.0055 0.044 -0.095 -0.0225 0.044 -0.0944641 -0.0245 0.044 -0.093 -0.0259641 0.044 -0.091 -0.0265 0.044 -0.089 -0.0259641 0.044 -0.0875359 -0.0245 0.044 -0.087 -0.0225 0.044 -0.0875359 -0.0205 0.044 -0.089 -0.0190359 0.044 -0.091 -0.0185 0.044 -0.093 -0.0190359 0.044 -0.0944641 -0.0205 0.044 -0.095 0.0075 0.044 -0.0944641 0.0055 0.044 -0.093 0.0040359 0.044 -0.091 0.0035 0.044 -0.089 0.0040359 0.044 -0.0875359 0.0055 0.044 -0.087 0.0075 0.044 -0.0875359 0.0095 0.044 -0.089 0.0109641 0.044 -0.091 0.0115 0.044 -0.093 0.0109641 0.044 -0.0944641 0.0095 0.044 -0.09325 0.0225 0.036 -0.09294856 0.021375 0.036 -0.092125 0.02055144 0.036 -0.091 0.02025 0.036 -0.089875 0.02055144 0.036 -0.08905144 0.021375 0.036 -0.08875 0.0225 0.036 -0.08905144 0.023625 0.036 -0.089875 0.02444856 0.036 -0.091 0.02475 0.036 -0.092125 0.02444856 0.036 -0.09294856 0.023625 0.036 -0.09325 0.0075 0.036 -0.09294856 0.006375 0.036 -0.092125 0.00555144 0.036 -0.091 0.00525 0.036 -0.089875 0.00555144 0.036 -0.08905144 0.006375 0.036 -0.08875 0.0075 0.036 -0.08905144 0.008625 0.036 -0.089875 0.00944856 0.036 -0.091 0.00975 0.036 -0.092125 0.00944856 0.036 -0.09294856 0.008625 0.036 -0.09325 -0.0075 0.036 -0.09294856 -0.008625 0.036 -0.092125 -0.00944856 0.036 -0.091 -0.00975 0.036 -0.089875 -0.00944856 0.036 -0.08905144 -0.008625 0.036 -0.08875 -0.0075 0.036 -0.08905144 -0.006375 0.036 -0.089875 -0.00555144 0.036 -0.091 -0.00525 0.036 -0.092125 -0.00555144 0.036 -0.09294856 -0.006375 0.036 -0.09325 -0.0225 0.036 -0.09294856 -0.023625 0.036 -0.092125 -0.02444856 0.036 -0.091 -0.02475 0.036 -0.089875 -0.02444856 0.036 -0.08905144 -0.023625 0.036 -0.08875 -0.0225 0.036 -0.08905144 -0.021375 0.036 -0.089875 -0.02055144 0.036 -0.091 -0.02025 0.036 -0.092125 -0.02055144 0.036 -0.09294856 -0.021375 0.036 -0.087 -0.0075 -0.044 -0.0875359 -0.0095 -0.044 -0.089 -0.0109641 -0.044 -0.091 -0.0115 -0.044 -0.093 -0.0109641 -0.044 -0.0944641 -0.0095 -0.044 -0.095 -0.0075 -0.044 -0.0944641 -0.0055 -0.044 -0.093 -0.0040359 -0.044 -0.091 -0.0035 -0.044 -0.089 -0.0040359 -0.044 -0.0875359 -0.0055 -0.044 -0.087 -0.0225 -0.044 -0.0875359 -0.0245 -0.044 -0.089 -0.0259641 -0.044 -0.091 -0.0265 -0.044 -0.093 -0.0259641 -0.044 -0.0944641 -0.0245 -0.044 -0.095 -0.0225 -0.044 -0.0944641 -0.0205 -0.044 -0.093 -0.0190359 -0.044 -0.091 -0.0185 -0.044 -0.089 -0.0190359 -0.044 -0.0875359 -0.0205 -0.044 -0.087 0.0075 -0.044 -0.0875359 0.0055 -0.044 -0.089 0.0040359 -0.044 -0.091 0.0035 -0.044 -0.093 0.0040359 -0.044 -0.0944641 0.0055 -0.044 -0.095 0.0075 -0.044 -0.0944641 0.0095 -0.044 -0.093 0.0109641 -0.044 -0.091 0.0115 -0.044 -0.089 0.0109641 -0.044 -0.0875359 0.0095 -0.044 -0.087 0.0225 -0.044 -0.0875359 0.0205 -0.044 -0.089 0.0190359 -0.044 -0.091 0.0185 -0.044 -0.093 0.0190359 -0.044 -0.0944641 0.0205 -0.044 -0.095 0.0225 -0.044 -0.0944641 0.0245 -0.044 -0.093 0.0259641 -0.044 -0.091 0.0265 -0.044 -0.089 0.0259641 -0.044 -0.0875359 0.0245 -0.044 -0.08875 -0.0075 -0.036 -0.08905144 -0.008625 -0.036 -0.089875 -0.00944856 -0.036 -0.091 -0.00975 -0.036 -0.092125 -0.00944856 -0.036 -0.09294856 -0.008625 -0.036 -0.09325 -0.0075 -0.036 -0.09294856 -0.006375 -0.036 -0.092125 -0.00555144 -0.036 -0.091 -0.00525 -0.036 -0.089875 -0.00555144 -0.036 -0.08905144 -0.006375 -0.036 -0.08875 -0.0225 -0.036 -0.08905144 -0.023625 -0.036 -0.089875 -0.02444856 -0.036 -0.091 -0.02475 -0.036 -0.092125 -0.02444856 -0.036 -0.09294856 -0.023625 -0.036 -0.09325 -0.0225 -0.036 -0.09294856 -0.021375 -0.036 -0.092125 -0.02055144 -0.036 -0.091 -0.02025 -0.036 -0.089875 -0.02055144 -0.036 -0.08905144 -0.021375 -0.036 -0.0975 -0.00157797 -0.03586603 -0.097 -0.00157797 -0.036 -0.09704606 8.5E-07 -0.036 -0.09799999 -0.00126682 -0.03510917 -0.098 -0.00157797 -0.035 -0.0979325 -0.00157797 -0.03536118 -0.09799998 0.00062792 -0.03525393 -0.09799998 0.00016376 -0.03529691 -0.09786735 9.1E-07 -0.03557051 -0.098 -0.00081733 -0.03522161 -0.09788113 0.0008276 -0.03551559 -0.097653 0.00081751 -0.03577782 -0.09771075 0.00157797 -0.03570344 -0.098 0.00157797 -0.035 -0.098 0.00083284 -0.03521857 -0.0979325 0.00157797 -0.03536118 -0.09786603 0.00157797 -0.0355 -0.09764095 8.9E-07 -0.0358038 -0.09788109 -0.00082651 -0.03551574 -0.09786603 -0.00157797 -0.0355 -0.09765296 -0.00081641 -0.03577789 -0.097 0.00157797 -0.036 -0.0975 0.00157797 -0.03586603 -0.09735148 8.7E-07 -0.03595222 -0.09771075 -0.00157797 -0.03570344 -0.08875 0.0075 -0.036 -0.08905144 0.006375 -0.036 -0.089875 0.00555144 -0.036 -0.091 0.00525 -0.036 -0.092125 0.00555144 -0.036 -0.09294856 0.006375 -0.036 -0.09325 0.0075 -0.036 -0.09294856 0.008625 -0.036 -0.092125 0.00944856 -0.036 -0.091 0.00975 -0.036 -0.089875 0.00944856 -0.036 -0.08905144 0.008625 -0.036 -0.08875 0.0225 -0.036 -0.08905144 0.021375 -0.036 -0.089875 0.02055144 -0.036 -0.091 0.02025 -0.036 -0.092125 0.02055144 -0.036 -0.09294856 0.021375 -0.036 -0.09325 0.0225 -0.036 -0.09294856 0.023625 -0.036 -0.092125 0.02444856 -0.036 -0.091 0.02475 -0.036 -0.089875 0.02444856 -0.036 -0.08905144 0.023625 -0.036 -0.098 -0.02522773 0.035 -0.09786603 -0.03 0.0355 -0.098 -0.02127339 0.035 -0.098 -0.01526452 0.035 -0.09786603 0.03 0.0355 -0.098 0 0.035 -0.098 0.01526452 0.035 -0.098 0.02127339 0.035 -0.098 0.02522773 0.035 -0.0975 -0.03 0.03586603 -0.0975 0.03 0.03586603 -0.097 -0.03 0.036 -0.097 0.03 0.036 -0.098 -0.01526452 -0.035 -0.098 -0.02127339 -0.035 -0.09786603 -0.03 -0.0355 -0.098 -0.02522773 -0.035 -0.0975 -0.03 -0.03586603 -0.097 -0.03 -0.036 -0.098 0.02522773 -0.035 -0.09786603 0.03 -0.0355 -0.098 0.02127339 -0.035 -0.098 0.01526452 -0.035 -0.0975 0.03 -0.03586603 -0.097 0.03 -0.036 -0.108 0.02 -0.01135782 -0.108 0.02 0.01135782 -0.098 0.02 0.00505845 -0.098 0.01717976 -0.01529235 -0.108 0.01717976 -0.01529235 -0.098 0.01359847 -0.01854944 -0.108 0.01359847 -0.01854944 -0.098 0.00941478 -0.0209848 -0.108 0.00941478 -0.0209848 -0.098 0.00481402 -0.02249056 -0.108 0.00481402 -0.02249056 -0.098 0 -0.023 -0.108 0 -0.023 -0.098 -0.00481402 -0.02249056 -0.108 -0.00481402 -0.02249056 -0.098 -0.00941478 -0.0209848 -0.108 -0.00941478 -0.0209848 -0.098 -0.01359847 -0.01854944 -0.108 -0.01359847 -0.01854944 -0.098 -0.01717976 -0.01529235 -0.108 -0.01717976 -0.01529235 -0.108 -0.02 -0.01135782 -0.098 -0.02 0.00505845 -0.108 -0.02 0.01135782 -0.098 -0.01717976 0.01529235 -0.108 -0.01717976 0.01529235 -0.098 -0.01359847 0.01854944 -0.108 -0.01359847 0.01854944 -0.098 -0.00941478 0.0209848 -0.108 -0.00941478 0.0209848 -0.098 -0.00481402 0.02249056 -0.108 -0.00481402 0.02249056 -0.098 0 0.023 -0.108 0 0.023 -0.098 0.00481402 0.02249056 -0.108 0.00481402 0.02249056 -0.098 0.00941478 0.0209848 -0.108 0.00941478 0.0209848 -0.098 0.01359847 0.01854944 -0.108 0.01359847 0.01854944 -0.098 0.01717976 0.01529235 -0.108 0.01717976 0.01529235 -0.108 0.0234438 0.00868263 -0.108 0.02471171 0.00378569 -0.108 0.00252921 -0.02487173 -0.108 0.00748408 -0.02385348 -0.108 0.01213255 -0.02185867 -0.108 0.01628431 -0.01896895 -0.108 0.01976939 -0.01530265 -0.108 0.02244511 -0.01100985 -0.108 0.02420193 -0.00626631 -0.108 0.02496791 -0.00126623 -0.108 -0.02496791 -0.00126623 -0.108 -0.02471171 0.00378569 -0.108 0 -0.025 -0.108 -0.00252921 -0.02487173 -0.108 -0.00748408 -0.02385348 -0.108 -0.01213255 -0.02185867 -0.108 -0.01628431 -0.01896895 -0.108 -0.01976939 -0.01530265 -0.108 -0.02244511 -0.01100985 -0.108 -0.02420193 -0.00626631 -0.108 -0.0234438 0.00868263 -0.108 -0.02121611 0.0132241 -0.108 -0.01811982 0.01722417 -0.108 -0.01428171 0.02051909 -0.108 -0.0098589 0.02297395 -0.108 -0.00503246 0.02448825 -0.108 0 0.025 -0.108 0.00503246 0.02448825 -0.108 0.0098589 0.02297395 -0.108 0.01428171 0.02051909 -0.108 0.01811982 0.01722417 -0.108 0.02121611 0.0132241 -0.10005 0.02209975 -0.02316503 -0.098 0.0240799 -0.02263446 -0.10005 0.02187497 -0.02262238 -0.098 0.02365033 -0.02159738 -0.10005 0.02151741 -0.02215639 -0.098 0.02296698 -0.02070682 -0.10005 0.02105142 -0.02179882 -0.098 0.02207642 -0.02002347 -0.10005 0.02050876 -0.02157404 -0.098 0.02103934 -0.0195939 -0.10005 0.01992642 -0.02149738 -0.098 0.01992642 -0.01944738 -0.10005 0.01934407 -0.02157404 -0.098 0.01881349 -0.0195939 -0.10005 0.01880142 -0.02179882 -0.098 0.01777642 -0.02002347 -0.10005 0.01833543 -0.02215639 -0.098 0.01688586 -0.02070682 -0.10005 0.01797786 -0.02262238 -0.098 0.01620251 -0.02159738 -0.10005 0.01775308 -0.02316503 -0.098 0.01577294 -0.02263446 -0.10005 0.01767642 -0.02374738 -0.098 0.01562642 -0.02374738 -0.10005 0.01775308 -0.02432972 -0.098 0.01577294 -0.0248603 -0.10005 0.01797786 -0.02487238 -0.098 0.01620251 -0.02589738 -0.10005 0.01833543 -0.02533837 -0.098 0.01688586 -0.02678794 -0.10005 0.01880142 -0.02569593 -0.098 0.01777642 -0.02747129 -0.10005 0.01934407 -0.02592071 -0.098 0.01881349 -0.02790086 -0.10005 0.01992642 -0.02599738 -0.098 0.01992642 -0.02804738 -0.10005 0.02050876 -0.02592071 -0.098 0.02103934 -0.02790086 -0.10005 0.02105142 -0.02569593 -0.098 0.02207642 -0.02747129 -0.10005 0.02151741 -0.02533837 -0.098 0.02296698 -0.02678794 -0.10005 0.02187497 -0.02487238 -0.098 0.02365033 -0.02589738 -0.10005 0.02209975 -0.02432972 -0.098 0.0240799 -0.0248603 -0.10005 0.02217642 -0.02374738 -0.098 0.02422642 -0.02374738 -0.10005 0.03270238 -0.00480075 -0.098 0.03468252 -0.00427017 -0.10005 0.0324776 -0.00425809 -0.098 0.03425295 -0.00323309 -0.10005 0.03212003 -0.0037921 -0.098 0.0335696 -0.00234253 -0.10005 0.03165404 -0.00343454 -0.098 0.03267904 -0.00165918 -0.10005 0.03111138 -0.00320976 -0.098 0.03164196 -0.00122961 -0.10005 0.03052904 -0.00313309 -0.098 0.03052904 -0.00108309 -0.10005 0.0299467 -0.00320976 -0.098 0.02941612 -0.00122961 -0.10005 0.02940404 -0.00343454 -0.098 0.02837904 -0.00165918 -0.10005 0.02893805 -0.0037921 -0.098 0.02748848 -0.00234253 -0.10005 0.02858048 -0.00425809 -0.098 0.02680513 -0.00323309 -0.10005 0.02835571 -0.00480075 -0.098 0.02637556 -0.00427017 -0.10005 0.02827904 -0.00538309 -0.098 0.02622904 -0.00538309 -0.10005 0.02835571 -0.00596544 -0.098 0.02637556 -0.00649602 -0.10005 0.02858048 -0.00650809 -0.098 0.02680513 -0.00753309 -0.10005 0.02893805 -0.00697408 -0.098 0.02748848 -0.00842365 -0.10005 0.02940404 -0.00733165 -0.098 0.02837904 -0.009107 -0.10005 0.0299467 -0.00755643 -0.098 0.02941612 -0.00953657 -0.10005 0.03052904 -0.00763309 -0.098 0.03052904 -0.00968309 -0.10005 0.03111138 -0.00755643 -0.098 0.03164196 -0.00953657 -0.10005 0.03165404 -0.00733165 -0.098 0.03267904 -0.009107 -0.10005 0.03212003 -0.00697408 -0.098 0.0335696 -0.00842365 -0.10005 0.0324776 -0.00650809 -0.098 0.03425295 -0.00753309 -0.10005 0.03270238 -0.00596544 -0.098 0.03468252 -0.00649602 -0.10005 0.03277904 -0.00538309 -0.098 0.03482904 -0.00538309 -0.10005 0.02902012 0.01608234 -0.098 0.03100027 0.01661292 -0.10005 0.02879534 0.016625 -0.098 0.0305707 0.01765 -0.10005 0.02843778 0.01709099 -0.098 0.02988735 0.01854056 -0.10005 0.02797179 0.01744856 -0.098 0.02899679 0.01922391 -0.10005 0.02742913 0.01767333 -0.098 0.02795971 0.01965348 -0.10005 0.02684679 0.01775 -0.098 0.02684679 0.0198 -0.10005 0.02626444 0.01767333 -0.098 0.02573387 0.01965348 -0.10005 0.02572179 0.01744856 -0.098 0.02469679 0.01922391 -0.10005 0.0252558 0.01709099 -0.098 0.02380623 0.01854056 -0.10005 0.02489823 0.016625 -0.098 0.02312288 0.01765 -0.10005 0.02467345 0.01608234 -0.098 0.02269331 0.01661292 -0.10005 0.02459679 0.0155 -0.098 0.02254679 0.0155 -0.10005 0.02467345 0.01491766 -0.098 0.02269331 0.01438708 -0.10005 0.02489823 0.014375 -0.098 0.02312288 0.01335 -0.10005 0.0252558 0.01390901 -0.098 0.02380623 0.01245944 -0.10005 0.02572179 0.01355144 -0.098 0.02469679 0.01177609 -0.10005 0.02626444 0.01332667 -0.098 0.02573387 0.01134652 -0.10005 0.02684679 0.01325 -0.098 0.02684679 0.0112 -0.10005 0.02742913 0.01332667 -0.098 0.02795971 0.01134652 -0.10005 0.02797179 0.01355144 -0.098 0.02899679 0.01177609 -0.10005 0.02843778 0.01390901 -0.098 0.02988735 0.01245944 -0.10005 0.02879534 0.014375 -0.098 0.0305707 0.01335 -0.10005 0.02902012 0.01491766 -0.098 0.03100027 0.01438708 -0.10005 0.02909679 0.0155 -0.098 0.03114679 0.0155 -0.10005 0.01002028 0.0313038 -0.098 0.0094897 0.03328395 -0.10005 0.00947762 0.03107903 -0.098 0.00845262 0.03285438 -0.10005 0.00901163 0.03072146 -0.098 0.00756207 0.03217103 -0.10005 0.00865407 0.03025547 -0.098 0.00687872 0.03128047 -0.10005 0.00842929 0.02971281 -0.098 0.00644914 0.03024339 -0.10005 0.00835262 0.02913047 -0.098 0.00630262 0.02913047 -0.10005 0.00842929 0.02854813 -0.098 0.00644914 0.02801755 -0.10005 0.00865407 0.02800547 -0.098 0.00687872 0.02698047 -0.10005 0.00901163 0.02753948 -0.098 0.00756207 0.02608991 -0.10005 0.00947762 0.02718191 -0.098 0.00845262 0.02540656 -0.10005 0.01002028 0.02695714 -0.098 0.0094897 0.02497699 -0.10005 0.01060262 0.02688047 -0.098 0.01060262 0.02483047 -0.10005 0.01118497 0.02695714 -0.098 0.01171555 0.02497699 -0.10005 0.01172762 0.02718191 -0.098 0.01275262 0.02540656 -0.10005 0.01219361 0.02753948 -0.098 0.01364318 0.02608991 -0.10005 0.01255118 0.02800547 -0.098 0.01432653 0.02698047 -0.10005 0.01277596 0.02854813 -0.098 0.01475611 0.02801755 -0.10005 0.01285262 0.02913047 -0.098 0.01490262 0.02913047 -0.10005 0.01277596 0.02971281 -0.098 0.01475611 0.03024339 -0.10005 0.01255118 0.03025547 -0.098 0.01432653 0.03128047 -0.10005 0.01219361 0.03072146 -0.098 0.01364318 0.03217103 -0.10005 0.01172762 0.03107903 -0.098 0.01275262 0.03285438 -0.10005 0.01118497 0.0313038 -0.098 0.01171555 0.03328395 -0.10005 0.01060262 0.03138047 -0.098 0.01060262 0.03343047 -0.10005 -0.01118497 0.0313038 -0.098 -0.01171555 0.03328395 -0.10005 -0.01172762 0.03107903 -0.098 -0.01275262 0.03285438 -0.10005 -0.01219361 0.03072146 -0.098 -0.01364318 0.03217103 -0.10005 -0.01255118 0.03025547 -0.098 -0.01432653 0.03128047 -0.10005 -0.01277596 0.02971281 -0.098 -0.01475611 0.03024339 -0.10005 -0.01285262 0.02913047 -0.098 -0.01490262 0.02913047 -0.10005 -0.01277596 0.02854813 -0.098 -0.01475611 0.02801755 -0.10005 -0.01255118 0.02800547 -0.098 -0.01432653 0.02698047 -0.10005 -0.01219361 0.02753948 -0.098 -0.01364318 0.02608991 -0.10005 -0.01172762 0.02718191 -0.098 -0.01275262 0.02540656 -0.10005 -0.01118497 0.02695714 -0.098 -0.01171555 0.02497699 -0.10005 -0.01060262 0.02688047 -0.098 -0.01060262 0.02483047 -0.10005 -0.01002028 0.02695714 -0.098 -0.0094897 0.02497699 -0.10005 -0.00947762 0.02718191 -0.098 -0.00845262 0.02540656 -0.10005 -0.00901163 0.02753948 -0.098 -0.00756207 0.02608991 -0.10005 -0.00865407 0.02800547 -0.098 -0.00687872 0.02698047 -0.10005 -0.00842929 0.02854813 -0.098 -0.00644914 0.02801755 -0.10005 -0.00835262 0.02913047 -0.098 -0.00630262 0.02913047 -0.10005 -0.00842929 0.02971281 -0.098 -0.00644914 0.03024339 -0.10005 -0.00865407 0.03025547 -0.098 -0.00687872 0.03128047 -0.10005 -0.00901163 0.03072146 -0.098 -0.00756207 0.03217103 -0.10005 -0.00947762 0.03107903 -0.098 -0.00845262 0.03285438 -0.10005 -0.01002028 0.0313038 -0.098 -0.0094897 0.03328395 -0.10005 -0.01060262 0.03138047 -0.098 -0.01060262 0.03343047 -0.10005 -0.02467345 0.01608234 -0.098 -0.02269331 0.01661292 -0.10005 -0.02489823 0.016625 -0.098 -0.02312288 0.01765 -0.10005 -0.0252558 0.01709099 -0.098 -0.02380623 0.01854056 -0.10005 -0.02572179 0.01744856 -0.098 -0.02469679 0.01922391 -0.10005 -0.02626444 0.01767333 -0.098 -0.02573387 0.01965348 -0.10005 -0.02684679 0.01775 -0.098 -0.02684679 0.0198 -0.10005 -0.02742913 0.01767333 -0.098 -0.02795971 0.01965348 -0.10005 -0.02797179 0.01744856 -0.098 -0.02899679 0.01922391 -0.10005 -0.02843778 0.01709099 -0.098 -0.02988735 0.01854056 -0.10005 -0.02879534 0.016625 -0.098 -0.0305707 0.01765 -0.10005 -0.02902012 0.01608234 -0.098 -0.03100027 0.01661292 -0.10005 -0.02909679 0.0155 -0.098 -0.03114679 0.0155 -0.10005 -0.02902012 0.01491766 -0.098 -0.03100027 0.01438708 -0.10005 -0.02879534 0.014375 -0.098 -0.0305707 0.01335 -0.10005 -0.02843778 0.01390901 -0.098 -0.02988735 0.01245944 -0.10005 -0.02797179 0.01355144 -0.098 -0.02899679 0.01177609 -0.10005 -0.02742913 0.01332667 -0.098 -0.02795971 0.01134652 -0.10005 -0.02684679 0.01325 -0.098 -0.02684679 0.0112 -0.10005 -0.02626444 0.01332667 -0.098 -0.02573387 0.01134652 -0.10005 -0.02572179 0.01355144 -0.098 -0.02469679 0.01177609 -0.10005 -0.0252558 0.01390901 -0.098 -0.02380623 0.01245944 -0.10005 -0.02489823 0.014375 -0.098 -0.02312288 0.01335 -0.10005 -0.02467345 0.01491766 -0.098 -0.02269331 0.01438708 -0.10005 -0.02459679 0.0155 -0.098 -0.02254679 0.0155 -0.10005 -0.02835571 -0.00480075 -0.098 -0.02637556 -0.00427017 -0.10005 -0.02858048 -0.00425809 -0.098 -0.02680513 -0.00323309 -0.10005 -0.02893805 -0.0037921 -0.098 -0.02748848 -0.00234253 -0.10005 -0.02940404 -0.00343454 -0.098 -0.02837904 -0.00165918 -0.10005 -0.0299467 -0.00320976 -0.098 -0.02941612 -0.00122961 -0.10005 -0.03052904 -0.00313309 -0.098 -0.03052904 -0.00108309 -0.10005 -0.03111138 -0.00320976 -0.098 -0.03164196 -0.00122961 -0.10005 -0.03165404 -0.00343454 -0.098 -0.03267904 -0.00165918 -0.10005 -0.03212003 -0.0037921 -0.098 -0.0335696 -0.00234253 -0.10005 -0.0324776 -0.00425809 -0.098 -0.03425295 -0.00323309 -0.10005 -0.03270238 -0.00480075 -0.098 -0.03468252 -0.00427017 -0.10005 -0.03277904 -0.00538309 -0.098 -0.03482904 -0.00538309 -0.10005 -0.03270238 -0.00596544 -0.098 -0.03468252 -0.00649602 -0.10005 -0.0324776 -0.00650809 -0.098 -0.03425295 -0.00753309 -0.10005 -0.03212003 -0.00697408 -0.098 -0.0335696 -0.00842365 -0.10005 -0.03165404 -0.00733165 -0.098 -0.03267904 -0.009107 -0.10005 -0.03111138 -0.00755643 -0.098 -0.03164196 -0.00953657 -0.10005 -0.03052904 -0.00763309 -0.098 -0.03052904 -0.00968309 -0.10005 -0.0299467 -0.00755643 -0.098 -0.02941612 -0.00953657 -0.10005 -0.02940404 -0.00733165 -0.098 -0.02837904 -0.009107 -0.10005 -0.02893805 -0.00697408 -0.098 -0.02748848 -0.00842365 -0.10005 -0.02858048 -0.00650809 -0.098 -0.02680513 -0.00753309 -0.10005 -0.02835571 -0.00596544 -0.098 -0.02637556 -0.00649602 -0.10005 -0.02827904 -0.00538309 -0.098 -0.02622904 -0.00538309 -0.10005 -0.01775308 -0.02316503 -0.098 -0.01577294 -0.02263446 -0.10005 -0.01797786 -0.02262238 -0.098 -0.01620251 -0.02159738 -0.10005 -0.01833543 -0.02215639 -0.098 -0.01688586 -0.02070682 -0.10005 -0.01880142 -0.02179882 -0.098 -0.01777642 -0.02002347 -0.10005 -0.01934407 -0.02157404 -0.098 -0.01881349 -0.0195939 -0.10005 -0.01992642 -0.02149738 -0.098 -0.01992642 -0.01944738 -0.10005 -0.02050876 -0.02157404 -0.098 -0.02103934 -0.0195939 -0.10005 -0.02105142 -0.02179882 -0.098 -0.02207642 -0.02002347 -0.10005 -0.02151741 -0.02215639 -0.098 -0.02296698 -0.02070682 -0.10005 -0.02187497 -0.02262238 -0.098 -0.02365033 -0.02159738 -0.10005 -0.02209975 -0.02316503 -0.098 -0.0240799 -0.02263446 -0.10005 -0.02217642 -0.02374738 -0.098 -0.02422642 -0.02374738 -0.10005 -0.02209975 -0.02432972 -0.098 -0.0240799 -0.0248603 -0.10005 -0.02187497 -0.02487238 -0.098 -0.02365033 -0.02589738 -0.10005 -0.02151741 -0.02533837 -0.098 -0.02296698 -0.02678794 -0.10005 -0.02105142 -0.02569593 -0.098 -0.02207642 -0.02747129 -0.10005 -0.02050876 -0.02592071 -0.098 -0.02103934 -0.02790086 -0.10005 -0.01992642 -0.02599738 -0.098 -0.01992642 -0.02804738 -0.10005 -0.01934407 -0.02592071 -0.098 -0.01881349 -0.02790086 -0.10005 -0.01880142 -0.02569593 -0.098 -0.01777642 -0.02747129 -0.10005 -0.01833543 -0.02533837 -0.098 -0.01688586 -0.02678794 -0.10005 -0.01797786 -0.02487238 -0.098 -0.01620251 -0.02589738 -0.10005 -0.01775308 -0.02432972 -0.098 -0.01577294 -0.0248603 -0.10005 -0.01767642 -0.02374738 -0.098 -0.01562642 -0.02374738 -0.10005 0.00058234 -0.03317333 -0.10005 0 -0.03325 -0.10005 -0.00058234 -0.03317333 -0.10005 -0.001125 -0.03294856 -0.10005 0.001125 -0.03294856 -0.098 0.00215 -0.03472391 -0.10005 0.00159099 -0.03259099 -0.098 0.00304056 -0.03404056 -0.10005 0.00194856 -0.032125 -0.098 0.00372391 -0.03315 -0.10005 0.00217333 -0.03158234 -0.098 0.00415348 -0.03211292 -0.10005 0.00225 -0.031 -0.098 0.0043 -0.031 -0.10005 0.00217333 -0.03041766 -0.098 0.00415348 -0.02988708 -0.10005 0.00194856 -0.029875 -0.098 0.00372391 -0.02885 -0.10005 0.00159099 -0.02940901 -0.098 0.00304056 -0.02795944 -0.10005 0.001125 -0.02905144 -0.098 0.00215 -0.02727609 -0.10005 0.00058234 -0.02882667 -0.098 0.00111292 -0.02684652 -0.10005 0 -0.02875 -0.098 0 -0.0267 -0.10005 -0.00058234 -0.02882667 -0.098 -0.00111292 -0.02684652 -0.10005 -0.001125 -0.02905144 -0.098 -0.00215 -0.02727609 -0.10005 -0.00159099 -0.02940901 -0.098 -0.00304056 -0.02795944 -0.10005 -0.00194856 -0.029875 -0.098 -0.00372391 -0.02885 -0.10005 -0.00217333 -0.03041766 -0.098 -0.00415348 -0.02988708 -0.10005 -0.00225 -0.031 -0.098 -0.0043 -0.031 -0.10005 -0.00217333 -0.03158234 -0.098 -0.00415348 -0.03211292 -0.10005 -0.00194856 -0.032125 -0.098 -0.00372391 -0.03315 -0.10005 -0.00159099 -0.03259099 -0.098 -0.00304056 -0.03404056 -0.098 -0.00215 -0.03472391 -0.102 0.027 0.044 -0.086 0.027 0.044 -0.104 0.029 0.042 -0.086 0.03 0.041 -0.104 0.03 0.041 -0.086 -0.027 0.044 -0.102 -0.027 0.044 -0.086 0.03 0.036 -0.086 -0.03 0.036 -0.086 -0.03 0.041 -0.104 -0.029 0.042 -0.104 -0.03 0.041 -0.102 -0.027 -0.044 -0.086 -0.027 -0.044 -0.104 -0.029 -0.042 -0.086 -0.03 -0.041 -0.104 -0.03 -0.041 -0.086 0.027 -0.044 -0.102 0.027 -0.044 -0.086 0.03 -0.036 -0.086 -0.03 -0.036 -0.098 -0.01526452 -0.02552369 -0.098 0.03 0.02371181 -0.098 0.03 0.02391523 -0.098 0.02522773 0.02391523 -0.098 -0.03 0.02371181 -0.098 -0.03035579 0.02106809 -0.098 -0.02522773 0.0214 -0.098 0.03298791 -0.01456524 -0.098 0.02522773 -0.02552369 -0.098 0.01526452 -0.02552369 -0.098 0.02127339 -0.01456524 -0.098 0.02522773 -0.01456524 -0.098 0.02522773 0.00505845 -0.098 0.03298791 0.00505845 -0.098 0.0363934 0.00278747 -0.098 0.0363934 -0.00278747 -0.098 0.03386615 -0.01361374 -0.098 0.03554438 -0.00829739 -0.098 0.03386615 0.01361374 -0.098 0.03035579 0.02106809 -0.098 0.03139785 0.0186125 -0.098 0.02127339 0.00505845 -0.098 0.02127339 0.0214 -0.098 0.02522773 0.0214 -0.098 -0.03554438 0.00829739 -0.098 -0.02522773 0.00505845 -0.098 -0.03139785 0.0186125 -0.098 -0.03386615 0.01361374 -0.098 -0.02127339 0.0214 -0.098 -0.02127339 0.00505845 -0.098 -0.02127339 -0.01456524 -0.098 -0.02522773 -0.01456524 -0.098 -0.02522773 -0.02552369 -0.098 0.03139785 -0.0186125 -0.098 0.03035579 -0.02106809 -0.098 0.03 -0.02371181 -0.098 0.03 -0.02552369 -0.098 0 -0.02552369 -0.098 -0.03 -0.02552369 -0.098 -0.03139785 -0.0186125 -0.098 -0.03035579 -0.02106809 -0.098 -0.03 -0.02371181 -0.098 -0.0363934 -0.00278747 -0.098 -0.0363934 0.00278747 -0.098 -0.03386615 -0.01361374 -0.098 -0.03554438 -0.00829739 -0.098 0.03554438 0.00829739 -0.098 0.01526452 0.0214 -0.098 -0.01526452 0.0214 -0.098 -0.03 0.02391523 -0.098 -0.02522773 0.02391523 -0.098 -0.02127339 0.02391523 -0.098 -0.01526452 0.02391523 -0.098 0 0.02391523 -0.098 0.01526452 0.02391523 -0.098 0.02127339 0.02391523 -0.086 0.03 -0.041 -0.104 0.029 -0.042 -0.104 0.03 -0.041 -0.107 0 -0.026 -0.107 0.00263038 -0.0258666 -0.107 0.00778344 -0.02480762 -0.107 0.01261785 -0.02273301 -0.107 0.01693568 -0.01972771 -0.107 0.02056017 -0.01591475 -0.107 0.02334292 -0.01145025 -0.107 0.02517001 -0.00651697 -0.107 0.02596663 -0.00131688 -0.107 0.02570018 0.00393712 -0.107 0.02438156 0.00902994 -0.107 0.02206475 0.01375306 -0.107 0.01884461 0.01791314 -0.107 0.01485297 0.02133985 -0.107 0.01025325 0.0238929 -0.107 0.00523376 0.02546778 -0.108 0 0.025 -0.107 0 0.026 -0.107 -0.00523376 0.02546778 -0.107 -0.01025325 0.0238929 -0.107 -0.01485297 0.02133985 -0.107 -0.01884461 0.01791314 -0.107 -0.02206475 0.01375306 -0.107 -0.02438156 0.00902994 -0.107 -0.02570018 0.00393712 -0.107 -0.02596663 -0.00131688 -0.107 -0.02517001 -0.00651697 -0.107 -0.02334292 -0.01145025 -0.107 -0.02056017 -0.01591475 -0.107 -0.01693568 -0.01972771 -0.107 -0.01261785 -0.02273301 -0.107 -0.00778344 -0.02480762 -0.107 -0.00263038 -0.0258666 -0.104 0.01880142 -0.02179882 -0.104 0.01992642 -0.02149738 -0.104 0.01797786 -0.02262238 -0.104 0.01767642 -0.02374738 -0.104 0.01797786 -0.02487238 -0.104 0.01880142 -0.02569593 -0.104 0.01992642 -0.02599738 -0.104 0.02105142 -0.02569593 -0.104 0.02187497 -0.02487238 -0.104 0.02217642 -0.02374738 -0.104 0.02187497 -0.02262238 -0.104 0.02105142 -0.02179882 -0.104 0.02940404 -0.00343454 -0.104 0.03052904 -0.00313309 -0.104 0.02858048 -0.00425809 -0.104 0.02827904 -0.00538309 -0.104 0.02858048 -0.00650809 -0.104 0.02940404 -0.00733165 -0.104 0.03052904 -0.00763309 -0.104 0.03165404 -0.00733165 -0.104 0.0324776 -0.00650809 -0.104 0.03277904 -0.00538309 -0.104 0.0324776 -0.00425809 -0.104 0.03165404 -0.00343454 -0.104 0.02572179 0.01744856 -0.104 0.02684679 0.01775 -0.104 0.02489823 0.016625 -0.104 0.02459679 0.0155 -0.104 0.02489823 0.014375 -0.104 0.02572179 0.01355144 -0.104 0.02684679 0.01325 -0.104 0.02797179 0.01355144 -0.104 0.02879534 0.014375 -0.104 0.02909679 0.0155 -0.104 0.02879534 0.016625 -0.104 0.02797179 0.01744856 -0.104 0.00947762 0.03107903 -0.104 0.01060262 0.03138047 -0.104 0.00865407 0.03025547 -0.104 0.00835262 0.02913047 -0.104 0.00865407 0.02800547 -0.104 0.00947762 0.02718191 -0.104 0.01060262 0.02688047 -0.104 0.01172762 0.02718191 -0.104 0.01255118 0.02800547 -0.104 0.01285262 0.02913047 -0.104 0.01255118 0.03025547 -0.104 0.01172762 0.03107903 -0.104 -0.01172762 0.03107903 -0.104 -0.01060262 0.03138047 -0.104 -0.01255118 0.03025547 -0.104 -0.01285262 0.02913047 -0.104 -0.01255118 0.02800547 -0.104 -0.01172762 0.02718191 -0.104 -0.01060262 0.02688047 -0.104 -0.00947762 0.02718191 -0.104 -0.00865407 0.02800547 -0.104 -0.00835262 0.02913047 -0.104 -0.00865407 0.03025547 -0.104 -0.00947762 0.03107903 -0.104 -0.02797179 0.01744856 -0.104 -0.02684679 0.01775 -0.104 -0.02879534 0.016625 -0.104 -0.02909679 0.0155 -0.104 -0.02879534 0.014375 -0.104 -0.02797179 0.01355144 -0.104 -0.02684679 0.01325 -0.104 -0.02572179 0.01355144 -0.104 -0.02489823 0.014375 -0.104 -0.02459679 0.0155 -0.104 -0.02489823 0.016625 -0.104 -0.02572179 0.01744856 -0.104 -0.03165404 -0.00343454 -0.104 -0.03052904 -0.00313309 -0.104 -0.0324776 -0.00425809 -0.104 -0.03277904 -0.00538309 -0.104 -0.0324776 -0.00650809 -0.104 -0.03165404 -0.00733165 -0.104 -0.03052904 -0.00763309 -0.104 -0.02940404 -0.00733165 -0.104 -0.02858048 -0.00650809 -0.104 -0.02827904 -0.00538309 -0.104 -0.02858048 -0.00425809 -0.104 -0.02940404 -0.00343454 -0.104 -0.02105142 -0.02179882 -0.104 -0.01992642 -0.02149738 -0.104 -0.02187497 -0.02262238 -0.104 -0.02217642 -0.02374738 -0.104 -0.02187497 -0.02487238 -0.104 -0.02105142 -0.02569593 -0.104 -0.01992642 -0.02599738 -0.104 -0.01880142 -0.02569593 -0.104 -0.01797786 -0.02487238 -0.104 -0.01767642 -0.02374738 -0.104 -0.01797786 -0.02262238 -0.104 -0.01880142 -0.02179882 -0.104 -0.001125 -0.02905144 -0.104 -0.00194856 -0.029875 -0.104 -0.00225 -0.031 -0.104 -0.00194856 -0.032125 -0.104 -0.001125 -0.03294856 -0.104 0 -0.03325 -0.10005 0 -0.03325 -0.104 0.001125 -0.03294856 -0.104 0.00194856 -0.032125 -0.104 0.00225 -0.031 -0.104 0.00194856 -0.029875 -0.104 0.001125 -0.02905144 -0.104 0 -0.02875 -0.104 0.03 -0.02371181 -0.104 0.03035579 -0.02106809 -0.104 0.03139785 -0.0186125 -0.104 0.03386615 -0.01361374 -0.104 0.03554438 -0.00829739 -0.104 0.0363934 -0.00278747 -0.104 0.0363934 0.00278747 -0.104 0.03554438 0.00829739 -0.104 0.03386615 0.01361374 -0.104 0.03139785 0.0186125 -0.104 0.03035579 0.02106809 -0.104 0.03 0.02371181 -0.104 0.03 0.02644023 -0.104 0.02713952 0.042 -0.104 0.0233866 0.042 -0.104 0.00530131 0.042 -0.104 -0.00530131 0.042 -0.104 -0.01526452 0.042 -0.104 -0.0233866 0.042 -0.104 -0.02713952 0.042 -0.104 -0.03 0.02371181 -0.104 -0.03 0.02644023 -0.104 -0.03035579 0.02106809 -0.104 -0.03139785 0.0186125 -0.104 -0.03386615 0.01361374 -0.104 -0.03554438 0.00829739 -0.104 -0.0363934 0.00278747 -0.104 -0.0363934 -0.00278747 -0.104 -0.03554438 -0.00829739 -0.104 -0.03386615 -0.01361374 -0.104 -0.03139785 -0.0186125 -0.104 -0.03035579 -0.02106809 -0.104 -0.03 -0.02371181 -0.104 -0.03 -0.02599869 -0.104 -0.02713952 -0.042 -0.104 -0.0233866 -0.042 -0.104 0.00530131 -0.042 -0.104 -0.00530131 -0.042 -0.104 -0.01526452 -0.042 -0.104 0.0233866 -0.042 -0.104 0.02713952 -0.042 -0.104 0.03 -0.02599869 -0.104 0.00263038 -0.0258666 -0.104 0.00778344 -0.02480762 -0.104 0.01261785 -0.02273301 -0.104 0.01693568 -0.01972771 -0.104 -0.00263038 -0.0258666 -0.104 -0.00778344 -0.02480762 -0.104 -0.01261785 -0.02273301 -0.104 -0.01693568 -0.01972771 -0.104 -0.02056017 -0.01591475 -0.104 -0.02334292 -0.01145025 -0.104 -0.02517001 -0.00651697 -0.104 -0.02596663 -0.00131688 -0.104 -0.02570018 0.00393712 -0.104 -0.02438156 0.00902994 -0.104 -0.02206475 0.01375306 -0.104 -0.01884461 0.01791314 -0.104 -0.01485297 0.02133985 -0.104 -0.01025325 0.0238929 -0.104 -0.00523376 0.02546778 -0.104 0 0.026 -0.104 0.00523376 0.02546778 -0.104 0.01025325 0.0238929 -0.104 0.01485297 0.02133985 -0.104 0.01884461 0.01791314 -0.104 0.02206475 0.01375306 -0.104 0.02438156 0.00902994 -0.104 0.02570018 0.00393712 -0.104 0.02596663 -0.00131688 -0.104 0.02517001 -0.00651697 -0.104 0.02334292 -0.01145025 -0.104 0.02149687 -0.01462479 -0.104 0.02056017 -0.01591475 -0.104 0.0233866 -0.02599869 -0.104 0.0233866 0.021875 -0.104 0.02713952 0.021875 -0.104 0.02713952 0.00505845 -0.104 0.03093791 0.00505845 -0.104 0.03093791 -0.01456524 -0.104 0.02713952 -0.01456524 -0.104 -0.02713952 0.021875 -0.104 -0.0233866 0.021875 -0.104 -0.02713952 0.00505845 -0.104 0.02713952 -0.02599869 -0.104 -0.02713952 0.02644023 -0.104 -0.02713952 -0.01456524 -0.104 -0.02713952 -0.02599869 -0.104 0.00530131 0.02644023 -0.104 -0.00530131 0.02644023 -0.104 0.0233866 0.02644023 -0.104 0.0233866 -0.01456524 -0.104 -0.00530131 -0.02599869 -0.104 0.00530131 -0.02599869 -0.104 -0.0233866 -0.02599869 -0.104 -0.01526452 -0.02599869 -0.104 -0.0233866 -0.01456524 -0.104 -0.01526452 0.021875 -0.104 -0.01526452 0.02644023 -0.104 0.02713952 0.02644023 -0.104 -0.0233866 0.02644023</float_array>
          <technique_common>
            <accessor source="#pos_0-array" count="8376" stride="3">
              <param name="X" type="float"/>
              <param name="Y" type="float"/>
              <param name="Z" type="float"/>
            </accessor>
          </technique_common>
        </source>
        <source id="norm_0">
          <float_array id="norm_0-array" count="6510">-0.17127 -0.70001 -0.69329 -0.17127 -0.70001 -0.69329 0.11104 -0.70001 -0.70544 0.11104 -0.70002 -0.70544 0.37597 -0.70001 -0.60715 0.37597 -0.70002 -0.60715 0.58203 -0.70001 -0.41379 0.58203 -0.70001 -0.41379 0.58203 0.70001 -0.41379 0.58203 0.70001 -0.41379 0.37597 0.70001 -0.60715 0.37597 0.70001 -0.60715 0.11104 0.70001 -0.70544 0.11104 0.70001 -0.70545 -0.17127 0.70001 -0.69329 -0.17127 0.70001 -0.69329 0.58203 -0.70001 0.41379 0.58203 -0.70002 0.41379 0.37597 -0.70002 0.60715 0.37597 -0.70001 0.60715 0.11104 -0.70001 0.70544 0.11104 -0.70001 0.70544 -0.17127 -0.70001 0.69329 -0.17127 -0.70001 0.69329 -0.17127 0.70001 0.69329 -0.17127 0.70001 0.69329 0.11104 0.70001 0.70545 0.11104 0.70001 0.70544 0.37597 0.70001 0.60715 0.37597 0.70001 0.60715 0.58203 0.70001 0.41379 0.58203 0.70001 0.4138 0.70954 -0.69515 -0.11543 0.70954 -0.69515 -0.11543 0.67431 -0.69515 0.24915 0.67431 -0.69515 0.24916 0.46401 -0.69515 0.54906 0.46401 -0.69515 0.54906 0.46401 0.69515 0.54906 0.46401 0.69515 0.54906 0.67431 0.69515 0.24915 0.67431 0.69515 0.24916 0.70954 0.69515 -0.11543 0.70954 0.69515 -0.11543 0.46401 -0.69515 -0.54906 0.46401 -0.69515 -0.54906 0.67431 -0.69515 -0.24915 0.67431 -0.69515 -0.24916 0.70954 -0.69515 0.11543 0.70954 -0.69515 0.11543 0.70954 0.69515 0.11543 0.70954 0.69515 0.11543 0.67431 0.69515 -0.24915 0.67431 0.69515 -0.24916 0.46401 0.69515 -0.54906 0.46401 0.69515 -0.54906 0.98443 -0.1758 0 0.90538 -0.4246 0 0.79336 -0.60875 0 0.60875 -0.79336 0 0.42461 -0.90538 0 0.1758 -0.98443 0 0.98415 -0.17575 0.02361 0.79073 -0.60672 0.08149 0.42151 -0.89876 0.12072 0.17428 -0.97593 0.13108 0.17428 -0.97593 0.13108 0.17439 -0.90873 0.3792 0.32221 -0.85657 0.40307 0.17563 -0.82982 0.52967 0.17326 -0.69641 0.69641 0.17326 -0.41934 0.89114 0.36769 -0.35813 0.85823 0.17563 -0.52967 0.82982 0.17428 -0.13108 0.97593 0.17428 -0.13108 0.97593 0.42151 -0.12072 0.89876 0.79073 -0.08149 0.60672 0.60532 -0.10596 0.7889 0.98415 -0.02361 0.17575 0.98415 -0.17575 0.02361 0.98396 -0.1614 0.07595 0.98396 -0.1614 0.07595 0.98396 -0.12613 0.12613 0.98396 -0.07595 0.1614 0.98396 -0.07595 0.1614 0.98415 -0.02361 0.17575 0.90391 -0.05694 0.42391 0.84101 -0.0903 0.53343 0.83852 -0.232 0.49302 0.83852 -0.232 0.49302 0.83852 -0.38528 0.38528 0.83852 -0.49302 0.232 0.83852 -0.49302 0.232 0.84101 -0.53343 0.0903 0.90391 -0.42391 0.05694 0.53668 -0.12919 0.83384 0.53341 -0.36015 0.76535 0.53341 -0.36015 0.76536 0.53341 -0.59811 0.59811 0.53341 -0.76535 0.36015 0.53341 -0.76535 0.36015 0.53668 -0.83384 0.12919 0.60532 -0.7889 0.10596 0.98415 -0.02361 -0.17575 0.79073 -0.08149 -0.60672 0.42151 -0.12072 -0.89876 0.17428 -0.13108 -0.97593 0.17428 -0.13108 -0.97593 0.17439 -0.3792 -0.90873 0.32221 -0.40307 -0.85657 0.17563 -0.52967 -0.82982 0.17326 -0.69641 -0.69641 0.17326 -0.89114 -0.41934 0.36769 -0.85823 -0.35813 0.17563 -0.82982 -0.52967 0.17428 -0.97593 -0.13108 0.17428 -0.97593 -0.13108 0.42151 -0.89876 -0.12072 0.79073 -0.60672 -0.08149 0.60532 -0.7889 -0.10596 0.98415 -0.17575 -0.02361 0.98415 -0.02361 -0.17575 0.98396 -0.07595 -0.1614 0.98396 -0.07595 -0.1614 0.98396 -0.12613 -0.12613 0.98396 -0.1614 -0.07595 0.98396 -0.1614 -0.07595 0.98415 -0.17575 -0.02361 0.90391 -0.42391 -0.05694 0.84101 -0.53343 -0.0903 0.83852 -0.49302 -0.232 0.83852 -0.49302 -0.232 0.83852 -0.38528 -0.38528 0.83852 -0.232 -0.49302 0.83852 -0.232 -0.49302 0.84101 -0.0903 -0.53343 0.90391 -0.05694 -0.42391 0.53668 -0.83384 -0.12919 0.53341 -0.76535 -0.36015 0.53341 -0.76536 -0.36015 0.53341 -0.59811 -0.59811 0.53341 -0.36015 -0.76535 0.53341 -0.36015 -0.76535 0.53668 -0.12919 -0.83384 0.60532 -0.10596 -0.7889 0.08784 -0 -0.99613 0.1758 0.00244 -0.98442 0.3436 -0.00239 -0.93911 0.42461 -0 -0.90538 0.60787 -0 -0.79403 0.60875 5E-05 -0.79336 0.79269 -5E-05 -0.60963 0.79336 -0 -0.60875 0.92397 -0 -0.38246 0.90538 -0.00196 -0.4246 0.99147 0.00263 -0.1303 0.98443 -0 -0.1758 0.34267 -0 -0.93945 0.60785 -0 -0.79405 0.99146 -0 -0.13042 0.99148 0 -0.1303 0.92392 -0 -0.38259 0.79266 -0 -0.60966 0.79268 0 -0.60963 0.60787 -0 -0.79403 0.98442 -0.00195 -0.1758 0.92393 0.00127 -0.38257 0.90538 -0 -0.4246 0.79267 5E-05 -0.60966 0.60875 -5E-05 -0.79336 0.3436 0.00239 -0.93911 0.1758 -0.00244 -0.98442 0 -0.13312 -0.9911 -0.04254 -0.25859 -0.96505 0.00106 -0.84292 -0.53803 -0.00117 -0.82659 -0.5628 0.00605 -0.70709 -0.70709 -0.01743 -0.66337 -0.74809 0 -0.53803 -0.84292 0 -0.3851 -0.92287 0.0003 -0.9932 -0.11643 -0 -1 -0.0013 0.03032 -0.97224 -0.23202 0.04884 -0.95473 -0.29344 -0.0222 -0.99086 -0.13309 0.01052 -0.9188 -0.39457 0.00828 -0.92284 -0.38509 2E-05 -0.88453 -0.46647 -1E-05 -0.859 -0.51198 0.97649 -0.21558 0 0.99076 -0.13557 -0.00389 0.8874 -0.46099 0.00243 0.95438 -0.29858 -0.00248 0.90688 -0.42138 8E-05 0.76717 -0.64144 -0.00015 0.80667 -0.591 -0.00233 0.57501 -0.81815 0.0023 0.13314 -0.9911 0 0.65724 -0.75368 -0.001 0.52799 -0.84925 1E-05 0.3851 -0.92287 -3E-05 0.26674 -0.96376 0.00289 -0.00389 -0.99999 -0.00304 0.08784 -0 0.99613 0.1758 -0.00244 0.98442 0.3436 0.00239 0.93911 0.42461 -0 0.90538 0.60787 -0 0.79403 0.60875 -5E-05 0.79336 0.79269 5E-05 0.60963 0.79336 -0 0.60875 0.92397 -0 0.38246 0.90538 0.00196 0.4246 0.99147 -0.00263 0.1303 0.98443 -0 0.1758 0.34267 -0 0.93945 0.60785 -0 0.79405 0.99146 -0 0.13042 0.99148 -0 0.1303 0.92392 0 0.38259 0.79266 -0 0.60966 0.79268 -0 0.60963 0.60787 0 0.79403 0.98442 0.00195 0.1758 0.92393 -0.00127 0.38257 0.90538 -0 0.4246 0.79267 -5E-05 0.60966 0.60875 5E-05 0.79336 0.3436 -0.00239 0.93911 0.1758 0.00244 0.98442 0.3851 -0.92286 -0.00574 -0.02432 -0.99963 0.01217 0.26043 -0.96549 5E-05 0.80914 -0.58762 9E-05 0.52799 -0.84925 -1E-05 0.65724 -0.75368 0.001 0.57501 -0.81815 -0.0023 0.76717 -0.64144 0.00142 0.99152 -0.12995 0 0.90688 -0.42138 -8E-05 0.95438 -0.29858 0.00248 0.8874 -0.46099 -0.00243 0.97648 -0.21558 0.00241 -1E-05 -0.859 0.51198 8E-05 -0.92287 0.3851 0.02655 -0.88689 0.46121 -0.04827 -0.98994 0.13297 0.08523 -0.92381 0.37325 0.04884 -0.95473 0.29344 0.03032 -0.97224 0.23202 0.0003 -0.9932 0.11643 -0 -1 0.0013 -0.01743 -0.66337 0.74809 0.00209 -0.82672 0.5626 -0.00231 -0.84292 0.53803 0.00605 -0.70709 0.70709 -0 -0.13312 0.9911 -0.04254 -0.25859 0.96505 -0 -0.3851 0.92287 -0 -0.53803 0.84292 -0 -1 0 0.64597 -0.70711 -0.28761 0.64597 -0.70711 -0.28761 0.81502 -0 -0.57944 0.52647 -0 -0.8502 0.15548 -0 -0.98784 -0.23983 0 -0.97081 -0.62199 -0.70623 -0.33817 -0.62199 -0.70624 -0.33817 -0.56858 -0.70624 -0.42184 -0.56858 -0.70624 -0.42184 -0.50399 -0.70624 -0.49722 -0.42949 -0.70624 -0.56282 -0.42949 -0.70624 -0.56282 -0.34655 -0.70624 -0.61736 -0.34655 -0.70623 -0.61736 -0.34655 -0.70623 0.61736 -0.34655 -0.70624 0.61736 -0.42949 -0.70624 0.56282 -0.42949 -0.70624 0.56282 -0.50399 -0.70624 0.49722 -0.56858 -0.70624 0.42184 -0.56858 -0.70624 0.42184 -0.62199 -0.70624 0.33817 -0.62199 -0.70623 0.33817 0.64597 -0.70711 0.28761 0.64597 -0.70711 0.28761 -0.23983 0 0.97081 0.15548 -0 0.98784 0.52647 -0 0.8502 0.81502 -0 0.57944 0.98702 -0 -0.16057 0.93802 -0 0.34659 0.64548 -0 0.76378 0.35132 -0.70611 -0.6148 0.35132 -0.70611 -0.6148 0.43938 -0.70611 -0.55529 0.43938 -0.70611 -0.5553 0.51755 -0.70611 -0.48328 0.51755 -0.70611 -0.48328 0.58405 -0.70611 -0.40037 0.58405 -0.70611 -0.40037 0.63739 -0.70611 -0.30845 0.63739 -0.70611 -0.30845 0.67638 -0.70611 -0.20958 0.67638 -0.70611 -0.20958 0.70013 -0.70611 -0.10598 0.70013 -0.70611 -0.10598 0.7081 -0.70611 0 0.70013 -0.70611 0.10598 0.70013 -0.70611 0.10598 0.67638 -0.70611 0.20958 0.67638 -0.70611 0.20958 0.63739 -0.70611 0.30845 0.63739 -0.70611 0.30845 0.58405 -0.70611 0.40037 0.58405 -0.70611 0.40037 0.51755 -0.70611 0.48328 0.51755 -0.70611 0.48328 0.43938 -0.70611 0.5553 0.43938 -0.70611 0.55529 0.35132 -0.70611 0.6148 0.35132 -0.70611 0.6148 0.64548 -0 -0.76378 0.93802 -0 -0.34659 0.98702 -0 0.16057 0.42151 0.12072 -0.89876 0.79073 0.08149 -0.60672 0.60532 0.10596 -0.7889 0.90391 0.05694 -0.42391 0.98415 0.02361 -0.17575 0.98415 0.02361 -0.17575 0.98396 0.07595 -0.1614 0.98396 0.07595 -0.1614 0.98396 0.12613 -0.12613 0.98396 0.1614 -0.07595 0.98396 0.1614 -0.07595 0.98415 0.17575 -0.02361 0.98415 0.17575 -0.02361 0.79073 0.60672 -0.08149 0.42151 0.89876 -0.12072 0.17428 0.97593 -0.13108 0.17428 0.97593 -0.13108 0.17439 0.90873 -0.3792 0.32221 0.85657 -0.40307 0.17563 0.82982 -0.52967 0.17326 0.69641 -0.69641 0.17428 0.13108 -0.97593 0.17428 0.13108 -0.97593 0.17326 0.41934 -0.89114 0.36769 0.35813 -0.85823 0.17563 0.52967 -0.82982 0.84101 0.0903 -0.53343 0.83852 0.232 -0.49302 0.83852 0.232 -0.49302 0.83852 0.38528 -0.38528 0.83852 0.49302 -0.232 0.83852 0.49302 -0.232 0.84101 0.53343 -0.0903 0.90391 0.42391 -0.05694 0.53668 0.12919 -0.83384 0.53341 0.36015 -0.76535 0.53341 0.36015 -0.76536 0.53341 0.59811 -0.59811 0.53341 0.76535 -0.36015 0.53341 0.76535 -0.36015 0.53668 0.83384 -0.12919 0.60532 0.7889 -0.10596 1 -0 0 0.42151 0.89876 0.12072 0.79073 0.60672 0.08149 0.60532 0.7889 0.10596 0.90391 0.42391 0.05694 0.98415 0.17575 0.02361 0.98415 0.17575 0.02361 0.98396 0.1614 0.07595 0.98396 0.1614 0.07595 0.98396 0.12613 0.12613 0.98396 0.07595 0.1614 0.98396 0.07595 0.1614 0.98415 0.02361 0.17575 0.98415 0.02361 0.17575 0.79073 0.08149 0.60672 0.42151 0.12072 0.89876 0.17428 0.13108 0.97593 0.17428 0.13108 0.97593 0.17439 0.3792 0.90873 0.32221 0.40307 0.85657 0.17563 0.52967 0.82982 0.17326 0.69641 0.69641 0.17428 0.97593 0.13108 0.17428 0.97593 0.13108 0.17326 0.89114 0.41934 0.36769 0.85823 0.35813 0.17563 0.82982 0.52967 0.84101 0.53343 0.0903 0.83852 0.49302 0.232 0.83852 0.49302 0.232 0.83852 0.38528 0.38528 0.83852 0.232 0.49302 0.83852 0.232 0.49302 0.84101 0.0903 0.53343 0.90391 0.05694 0.42391 0.53668 0.83384 0.12919 0.53341 0.76535 0.36015 0.53341 0.76536 0.36015 0.53341 0.59811 0.59811 0.53341 0.36015 0.76535 0.53341 0.36015 0.76535 0.53668 0.12919 0.83384 0.60532 0.10596 0.7889 -0.37349 -0.3735 0.84912 -0.5102 -0.13671 0.84912 0.37349 -0.37349 0.84912 0.13671 -0.5102 0.84912 -0.13671 -0.5102 0.84912 0.37349 0.37349 0.84912 0.5102 0.1367 0.84912 0.5102 -0.1367 0.84912 -0.37349 0.3735 0.84912 -0.13671 0.5102 0.84912 0.13671 0.5102 0.84912 -0.5102 0.13671 0.84912 0.5102 -0.1367 0.84912 0.37349 -0.37349 0.84912 0.13671 -0.5102 0.84912 0.13671 0.5102 0.84912 0.37349 0.37349 0.84912 0.5102 0.1367 0.84912 0.5102 -0.1367 0.84912 0.37349 -0.37349 0.84912 0.13671 -0.5102 0.84912 0.13671 0.5102 0.84912 0.37349 0.37349 0.84912 0.5102 0.1367 0.84912 0 0 -1 -0.37349 0.3735 0.84912 -0.13671 0.5102 0.84912 -0.37349 -0.3735 0.84912 -0.5102 -0.13671 0.84912 -0.5102 0.13671 0.84912 0.37349 -0.37349 0.84912 0.13671 -0.5102 0.84912 -0.13671 -0.5102 0.84912 0.37349 0.37349 0.84912 0.5102 0.1367 0.84912 0.5102 -0.1367 0.84912 0.13671 0.5102 0.84912 -0.18019 -0.70436 0.68659 -0.1802 -0.70436 0.68659 -0.38594 -0.70062 0.60015 -0.38594 -0.70063 0.60015 -0.58142 -0.70063 0.41361 -0.58142 -0.70062 0.41361 0.08001 0.70681 0.70287 0.00045 0.70397 0.71023 0.07752 -0.6967 0.71316 0.00452 -0.71914 0.69485 0.5102 0.1367 -0.84912 0.37349 0.37349 -0.84912 0.13671 0.5102 -0.84912 0.13671 -0.5102 -0.84912 0.37349 -0.37349 -0.84912 0.5102 -0.1367 -0.84912 0.5102 0.1367 -0.84912 0.37349 0.37349 -0.84912 0.13671 0.5102 -0.84912 0.13671 -0.5102 -0.84912 0.37349 -0.37349 -0.84912 0.5102 -0.1367 -0.84912 -0 0 1 -0.37349 -0.3735 -0.84912 -0.13671 -0.5102 -0.84912 -0.37349 0.3735 -0.84912 -0.5102 0.13671 -0.84912 -0.5102 -0.13671 -0.84912 0.37349 0.37349 -0.84912 0.13671 0.5102 -0.84912 -0.13671 0.5102 -0.84912 0.37349 -0.37349 -0.84912 0.5102 -0.1367 -0.84912 0.5102 0.1367 -0.84912 0.13671 -0.5102 -0.84912 0.37349 -0.37349 -0.84912 0.5102 -0.1367 -0.84912 -0.37349 -0.3735 -0.84912 -0.13671 -0.5102 -0.84912 0.13671 -0.5102 -0.84912 -0.37349 0.3735 -0.84912 -0.5102 0.13671 -0.84912 -0.5102 -0.13671 -0.84912 0.37349 0.37349 -0.84912 0.13671 0.5102 -0.84912 -0.13671 0.5102 -0.84912 0.5102 0.1367 -0.84912 0.00452 0.71914 -0.69485 0.07752 0.6967 -0.71316 0.00045 -0.70397 -0.71023 0.08001 -0.70681 -0.70287 -0.58142 -0.70062 -0.41362 -0.58142 -0.70063 -0.41361 -0.38594 -0.70063 -0.60015 -0.38594 -0.70062 -0.60015 -0.18019 -0.70436 -0.68659 -0.1802 -0.70436 -0.68659 -0.25882 0 -0.96593 -0.70711 0 -0.70711 -0.96593 0 -0.25882 -0.96593 0 0.25882 -0.70711 0 0.70711 -0.25882 0 0.96593 0.25882 -0 0.96593 0.70711 -0 0.70711 0.96593 -0 0.25882 0.96593 -0 -0.25882 0.70711 -0 -0.70711 0.25882 -0 -0.96593 0.25882 -0 0.96593 0.25882 -0 -0.96593 0.91355 -0 -0.40674 -0.4895 0 -0.872 -0.60665 0 -0.79497 -0.71187 0 -0.70231 -0.8031 0 -0.59584 -0.87855 0 -0.47766 -0.87855 0 0.47766 -0.8031 0 0.59584 -0.71187 0 0.70231 -0.60665 0 0.79497 -0.4895 0 0.872 0.91355 -0 0.40674 0.49615 -0 0.86824 0.62051 -0 0.7842 0.73089 -0 0.6825 0.82481 -0 0.56542 0.90014 -0 0.4356 0.9552 -0 0.29597 0.98874 -0 0.14967 0.98874 -0 -0.14967 0.9552 -0 -0.29597 0.90014 -0 -0.4356 0.82481 -0 -0.56542 0.73089 -0 -0.6825 0.62051 -0 -0.7842 0.49615 -0 -0.86824 0 0.98636 -0.16459 0 0.98636 -0.16459 0 0.87947 -0.47595 0 0.67728 -0.73572 0 0.4017 -0.91577 0 0.08258 -0.99658 0 -0.24549 -0.9694 0 -0.54695 -0.83717 0 -0.78914 -0.61421 0 -0.94582 -0.3247 -0 -0.94582 0.3247 -0 -0.78914 0.61421 -0 -0.54695 0.83717 -0 -0.24549 0.9694 -0 0.08258 0.99658 -0 0.4017 0.91577 -0 0.67728 0.73572 -0 0.87947 0.47595 0 0.98636 0.16459 0 0.98636 0.16459 0.13314 0.9911 0 -0.00389 0.99999 -0.00304 0.19245 0.98131 0.00124 0.54098 0.84103 -0.00241 0.50227 0.86471 -0.0002 0.76132 0.64838 7E-05 0.83147 0.55557 -0.00188 0.87094 0.49138 -0.00019 0.97927 0.20258 0.00033 0.98078 0.1951 0 0.0286 0.97024 -0.24045 0.00022 0.9964 -0.08477 0 1 -0.0013 -0.01743 0.66337 -0.74809 0.07195 0.93546 -0.34603 -0.03578 0.99047 -0.13304 0.0191 0.90035 -0.43474 0.00387 0.92287 -0.3851 -0.00204 0.84194 -0.53957 -0.00231 0.84292 -0.53803 0.00605 0.70709 -0.70709 0 0.13312 -0.9911 -0.04254 0.25859 -0.96505 0 0.3851 -0.92287 0 0.53803 -0.84292 0.98443 0.1758 0 0.90538 0.4246 0 0.79336 0.60875 0 0.60875 0.79336 0 0.42461 0.90538 0 0.1758 0.98443 0 -0 0.13312 0.9911 -0.04254 0.25859 0.96505 0.00106 0.84292 0.53803 -0.00117 0.82659 0.5628 0.00605 0.70709 0.70709 -0.01743 0.66337 0.74809 -0 0.53803 0.84292 -0 0.3851 0.92287 0.0003 0.9932 0.11643 0 1 0.0013 0.03032 0.97224 0.23202 0.04884 0.95473 0.29344 -0.0222 0.99086 0.13309 0.01052 0.9188 0.39457 0.00828 0.92284 0.38509 2E-05 0.88453 0.46647 -1E-05 0.859 0.51198 0.96592 0.25882 0 0.99013 0.13999 0.00696 0.95438 0.29858 0.00248 0.90688 0.42138 -8E-05 0.70711 0.70711 0.00023 0.80077 0.59892 0.00761 0.65724 0.75368 0.001 0.52799 0.84925 -1E-05 0.3851 0.92287 3E-05 0.26674 0.96376 -0.00289 -0.00389 0.99999 0.00304 -0.58142 0.70062 0.41362 -0.58142 0.70063 0.41361 -0.38594 0.70063 0.60015 -0.38594 0.70062 0.60015 -0.18019 0.70436 0.68659 -0.1802 0.70436 0.68659 -0.62508 0.70646 0.33194 -0.62508 0.70646 0.33194 -0.58057 0.70646 0.40478 -0.58057 0.70646 0.40478 -0.52762 0.70646 0.47173 -0.52762 0.70646 0.47173 -0.46699 0.70646 0.53182 -0.46699 0.70646 0.53182 -0.39957 0.70646 0.58417 -0.39957 0.70646 0.58417 -0.32633 0.70646 0.62803 -0.32633 0.70646 0.62803 -0.13838 0.69807 0.70253 -0.13838 0.69808 0.70253 0.18014 0.69808 0.69299 0.18014 0.69807 0.69299 0.46298 0.69807 0.5462 0.46298 0.69807 0.5462 0.65412 0.69807 0.29123 0.65412 0.69807 0.29123 0.7157 0.69807 -0.02142 0.71571 0.69807 -0.02142 0.63553 0.69807 -0.32983 0.63553 0.69807 -0.32983 0.42949 0.69807 -0.57292 0.42949 0.69807 -0.57292 0.33681 0.70606 0.62292 0.33681 0.70606 0.62292 0.42815 0.70606 0.56406 0.42815 0.70606 0.56406 0.5094 0.70606 0.49192 0.5094 0.70606 0.49192 0.57866 0.70606 0.4082 0.57866 0.70606 0.4082 0.6343 0.70606 0.31487 0.6343 0.70606 0.31487 0.675 0.70606 0.21412 0.675 0.70606 0.21412 0.69981 0.70606 0.10834 0.69981 0.70607 0.10834 0.70815 0.70607 0 0.69981 0.70607 -0.10834 0.69981 0.70606 -0.10834 0.675 0.70606 -0.21412 0.675 0.70606 -0.21412 0.6343 0.70606 -0.31487 0.6343 0.70606 -0.31487 0.57866 0.70606 -0.4082 0.57866 0.70606 -0.4082 0.5094 0.70606 -0.49192 0.5094 0.70606 -0.49192 0.42815 0.70606 -0.56406 0.42815 0.70606 -0.56406 0.33681 0.70606 -0.62292 0.33681 0.70606 -0.62292 0.42949 0.69807 0.57292 0.42949 0.69807 0.57292 0.63553 0.69807 0.32983 0.63553 0.69807 0.32983 0.71571 0.69807 0.02142 0.7157 0.69807 0.02142 0.65412 0.69807 -0.29123 0.65412 0.69807 -0.29123 0.46298 0.69807 -0.5462 0.46298 0.69807 -0.5462 0.18014 0.69807 -0.69299 0.18014 0.69808 -0.69299 -0.13838 0.69808 -0.70253 -0.13838 0.69807 -0.70253 -0.32633 0.70646 -0.62802 -0.32633 0.70646 -0.62803 -0.39957 0.70646 -0.58417 -0.39957 0.70646 -0.58417 -0.46699 0.70646 -0.53182 -0.46699 0.70646 -0.53182 -0.52762 0.70646 -0.47173 -0.52762 0.70646 -0.47173 -0.58057 0.70646 -0.40478 -0.58057 0.70646 -0.40478 -0.62508 0.70646 -0.33194 -0.62508 0.70646 -0.33194 -0.18019 0.70436 -0.68659 -0.1802 0.70436 -0.68659 -0.38594 0.70062 -0.60015 -0.38594 0.70063 -0.60015 -0.58142 0.70063 -0.41361 -0.58142 0.70062 -0.41361 -0.25882 0.96593 -0 -0.70711 0.70711 -0 -0.96593 0.25882 -0 -0.96593 -0.25882 -0 -0.70711 -0.70711 -0 -0.25882 -0.96593 -0 0.25882 -0.96593 0 0.70711 -0.70711 0 0.96593 -0.25881 0 0.96593 0.25881 0 0.70711 0.70711 0 0.25882 0.96593 0 0.25882 0.96593 0 -0.7071 -0.7071 -0.00517 -0.75072 -0.66063 -0 -0.96593 -0.25882 -0 -0.96593 0.25882 -0 -0.70711 0.70711 -0 -0.01032 -0.99995 -0 -0.05055 -0.99872 -0.00016 -0.12823 -0.99174 -0.00139 -0.23741 -0.9714 -0.00533 -0.25882 -0.9659 -0.0067 -0.40387 -0.91482 -0 -0.55416 -0.83241 -0 -0.7507 0.66061 -0.0068 -0.55416 0.83241 -0 -0.25882 0.96593 -0 -0.399 0.91682 -0.01578 -0.23739 0.9714 -0.00533 -0.12822 0.99174 -0.00139 -0.05053 0.99872 -0.00016 0.70711 -0.70711 0 0.96593 -0.25881 0 0.96593 0.25881 0 0.70711 0.70711 0 -0.0103 0.99995 -0 0.25882 0.96593 0 -0.7071 -0.7071 -0.00517 -0.96593 -0.25882 -0 -0.96593 0.25882 -0 -0.70711 0.70711 -0 0.25882 -0.96593 0 -0.23741 -0.9714 -0.00533 -0.25881 -0.9659 -0.0067 -0.55416 -0.83241 -0 -0.7507 0.66061 -0.0068 -0.55416 0.83241 -0 -0.25882 0.96593 -0 -0.399 0.91682 -0.01578 -0.23739 0.9714 -0.00533 -0.12822 0.99174 -0.00139 -0.05053 0.99872 -0.00016 0.70711 -0.70711 0 0.96593 -0.25881 0 0.96593 0.25881 0 0.70711 0.70711 0 -0.01029 0.99995 -0 -0.96593 0.25882 -0 -0.96593 -0.25882 -0 -0.25882 -0.96593 -0 0.25882 -0.96593 0 0.96593 -0.25881 0 0.96593 0.25881 0 -0.81485 0 0.57967 -0.54088 0 0.8411 -0.25385 0 0.96724 -0.18934 -0.00639 0.98189 -0.06612 0 0.99781 0.70022 0.13929 0.70021 0.70021 0.13928 0.70021 0.59361 0.39664 0.70022 0.59361 0.39664 0.70021 0.36114 0.62174 0.695 0.36114 0.62174 0.695 0.70711 -0 0.70711 0.69865 -0.15424 0.69864 0.69865 -0.15424 0.69864 0.6278 -0.32613 0.70676 0.57313 -0.43739 0.69298 0.27343 -0.65526 0.70418 0.33694 -0.64042 0.69017 0.4074 -0.57966 0.7057 0.54652 -0.45696 0.70178 -0.7071 0.7071 0.00517 -0.75072 0.66063 -0 -0.70711 -0.70711 -0 -0.01032 0.99995 -0 -0.05055 0.99872 0.00016 -0.12823 0.99174 0.00139 -0.23741 0.9714 0.00533 -0.25881 0.9659 0.0067 -0.40387 0.91482 -0 -0.7507 -0.66061 0.0068 -0.399 -0.91682 0.01578 -0.23739 -0.9714 0.00533 -0.12822 -0.99174 0.00139 -0.05053 -0.99872 0.00016 -0.01029 -0.99995 -0 -0.7071 0.7071 0.00517 -0.70711 -0.70711 -0 -0.23741 0.9714 0.00533 -0.25882 0.9659 0.0067 -0.7507 -0.66061 0.0068 -0.25882 -0.96593 -0 -0.399 -0.91682 0.01578 -0.23739 -0.9714 0.00533 -0.12822 -0.99174 0.00139 -0.05053 -0.99872 0.00016 -0.0103 -0.99995 -0 0.27343 0.65526 -0.70418 0.50859 0.50859 -0.69475 0.69474 0.18616 -0.69475 0.69475 0.18615 -0.69475 0.70711 -0 -0.70711 0.33314 -0.63318 -0.69865 0.2841 -0.68082 -0.67511 0.4074 -0.57966 -0.7057 0.56876 -0.43406 -0.69865 0.69865 -0.15424 -0.69864 0.69865 -0.15424 -0.69864 0.6278 -0.32613 -0.70676 0.5571 -0.4658 -0.6875 -0.06612 0 -0.99781 -0.25384 -0.00975 -0.9672 -0.18935 0 -0.98191 -0.54088 0 -0.8411 -0.81485 0 -0.57967 -0.49354 0.71612 0.49354 -0.46296 0.70113 0.5423 -0.23817 0.70113 0.67208 -0.18065 0.71612 0.67419 -0.05572 0.70601 0.70601 0.18616 0.69475 0.69475 0.18616 0.69475 0.69475 0.50859 0.69475 0.50859 0.50859 0.69475 0.50859 0.69475 0.69475 0.18616 0.69475 0.69475 0.18616 0.69475 0.69475 -0.18616 0.69475 0.69475 -0.18616 0.50859 0.69475 -0.50859 0.50859 0.69475 -0.50859 0.18616 0.69475 -0.69475 0.18616 0.69475 -0.69475 -0.18616 0.69475 -0.69475 -0.18616 0.69475 -0.69475 -0.50859 0.69475 -0.50859 -0.50859 0.69475 -0.50859 -0.69475 0.69475 -0.18616 -0.69475 0.69475 -0.18616 -0.69475 0.69475 0.18616 -0.69475 0.69475 0.18616 -0.58356 0.70601 0.40126 -0.50859 0.69475 -0.50859 -0.69239 0.69555 -0.19185 -0.69165 0.69805 -0.18533 -0.69875 0.69208 0.18107 -0.69475 0.69475 0.18616 -0.57708 0.70548 0.41143 -0.49201 0.71823 0.49201 -0.453 0.70219 0.54928 -0.18616 0.69475 0.69475 -0.18616 0.69475 0.69475 0.18616 0.69475 0.69475 0.18616 0.69475 0.69475 0.50859 0.69475 0.50859 0.50859 0.69475 0.50859 0.69475 0.69475 0.18616 0.69475 0.69475 -0.18616 0.69475 0.69475 -0.18616 0.50859 0.69475 -0.50859 0.18616 0.69475 -0.69475 0.18616 0.69475 -0.69475 -0.18616 0.69475 -0.69475 -0.18616 0.69475 -0.69475 -0.50859 0.69475 -0.50859 -0.69806 0.69118 -0.18704 -0.49201 0.71823 -0.49201 -0.57708 0.70548 -0.41143 -0.69708 0.69391 -0.18045 -0.69165 0.69805 0.18533 -0.69239 0.69555 0.19185 -0.50859 0.69475 0.50859 -0.50859 0.69475 0.50859 -0.453 0.70219 -0.54928 -0.18065 0.71612 -0.67419 -0.23817 0.70113 -0.67208 -0.46296 0.70113 -0.5423 -0.49354 0.71612 -0.49354 -0.58356 0.70601 -0.40126 -0.50859 0.69475 0.50859 -0.50859 0.69475 0.50859 -0.18616 0.69475 0.69475 -0.18616 0.69475 0.69475 -0.05572 0.70601 -0.70601 0.64597 0.70711 -0.28761 0.64597 0.70711 -0.28761 -0.34655 0.70623 -0.61736 -0.34655 0.70624 -0.61736 -0.42949 0.70624 -0.56282 -0.42949 0.70623 -0.56282 -0.50399 0.70623 -0.49722 -0.56858 0.70623 -0.42184 -0.56858 0.70624 -0.42184 -0.62199 0.70624 -0.33817 -0.62199 0.70623 -0.33817 -0.1351 0.70062 -0.70062 -0.1351 0.70062 -0.70062 -0.38594 0.70062 -0.60015 -0.38594 0.70062 -0.60015 -0.58142 0.70062 -0.41361 -0.58142 0.70062 -0.41361 0 0.70711 -0.70711 -0 0.70711 0.70711 -0.58142 0.70062 0.41362 -0.58142 0.70062 0.41361 -0.38594 0.70062 0.60015 -0.38594 0.70062 0.60015 -0.1351 0.70062 0.70062 -0.1351 0.70062 0.70062 -0.62199 0.70623 0.33817 -0.62199 0.70624 0.33817 -0.56858 0.70624 0.42184 -0.56858 0.70623 0.42184 -0.50399 0.70623 0.49722 -0.42949 0.70623 0.56282 -0.42949 0.70624 0.56282 -0.34655 0.70624 0.61736 -0.34655 0.70623 0.61736 0.64597 0.70711 0.28761 0.64597 0.70711 0.28761 0.34757 0.7402 -0.57558 0.309 0.78238 -0.54074 0.31898 0.74803 -0.58198 0.32284 0.70695 -0.62928 0.61793 0.76256 -0.19147 0.60686 0.77168 -0.19032 0.66003 0.71035 0.24447 0.61793 0.76256 0.19147 0.32284 0.70695 0.62928 0.31898 0.74803 0.58198 0.309 0.78238 0.54074 0.66003 0.71035 -0.24447 0.65871 0.70711 -0.2571 0.63739 0.70611 -0.30845 0.6374 0.70611 -0.30845 0.58405 0.70611 -0.40037 0.58405 0.70611 -0.40037 0.51755 0.70611 -0.48328 0.51755 0.70611 -0.48328 0.43938 0.70611 -0.5553 0.43938 0.70611 -0.5553 0.38089 0.70699 -0.59589 0.60686 0.77168 0.19032 0.68053 0.70663 0.19378 0.70013 0.70611 0.10598 0.70013 0.70611 0.10598 0.70811 0.70611 0 0.70013 0.70611 -0.10598 0.70013 0.70611 -0.10598 0.68053 0.70663 -0.19378 0.34757 0.7402 0.57558 0.38089 0.70699 0.59589 0.43938 0.70611 0.5553 0.43938 0.70611 0.5553 0.51755 0.70611 0.48328 0.51755 0.70611 0.48328 0.58405 0.70611 0.40037 0.58405 0.70611 0.40037 0.6374 0.70611 0.30845 0.63739 0.70611 0.30845 0.65871 0.70711 0.2571 -1 0 -0 0 1 0 -0.96593 0 0.25882 0.96593 -0 0.25882 -0.96593 0 0.25882 0.96593 -0 0.25882 -0.18935 0 0.98191 -0.25384 0.00975 0.9672 -0.88319 0 0.46901 -0.82031 0 0.57192 -0.74549 0 0.66652 -0.65982 0 0.75142 -0.56456 0 0.82539 -0.46109 0 0.88735 -0.19326 0 0.98115 0.25159 -0 0.96783 0.6466 -0 0.76283 0.91355 -0 0.40674 0.99955 -0 -0.02992 0.88759 -0 -0.46064 0.59982 -0 -0.80013 0.47562 -0 -0.87965 0.6046 -0 -0.79653 0.71934 -0 -0.69466 0.81714 -0 -0.57643 0.89571 -0 -0.44464 0.95319 -0 -0.30237 0.98823 -0 -0.15299 0.98823 -0 0.15299 0.95319 -0 0.30237 0.89571 -0 0.44464 0.81714 -0 0.57643 0.71934 -0 0.69466 0.6046 -0 0.79653 0.47562 -0 0.87965 0.59982 -0 0.80013 0.88759 -0 0.46064 0.99955 -0 0.02992 0.91355 -0 -0.40674 0.6466 -0 -0.76283 0.25159 -0 -0.96783 -0.19326 0 -0.98115 -0.46109 0 -0.88735 -0.56456 0 -0.82539 -0.65982 0 -0.75142 -0.74549 0 -0.66652 -0.82031 0 -0.57192 -0.88319 0 -0.46901 -0.25385 0 -0.96724 -0.18934 0.00639 -0.98189 -0 -0.79713 0.6038 -0 -0.61229 0.79064 -0 -0.38515 0.92285 -0 -0.13141 0.99133 -0 0.13141 0.99133 -0 0.38515 0.92285 -0 0.61229 0.79064 -0 0.79713 0.6038 0 0.79713 -0.6038 0 0.61229 -0.79064 0 0.38515 -0.92285 0 0.13141 -0.99133 0 -0.13141 -0.99133 0 -0.38515 -0.92285 0 -0.61229 -0.79064 0 -0.79713 -0.6038 -0.50859 -0.69475 0.50859 -0.50859 -0.69475 0.50859 -0.69475 -0.69475 0.18616 -0.69475 -0.69475 0.18616 -0.69475 -0.69475 -0.18616 -0.69475 -0.69475 -0.18616 -0.50859 -0.69475 -0.50859 -0.50859 -0.69475 -0.50859 -0.18616 -0.69475 -0.69475 -0.18616 -0.69475 -0.69475 0.18616 -0.69475 -0.69475 0.18616 -0.69475 -0.69475 0.50859 -0.69475 -0.50859 0.50859 -0.69475 -0.50859 0.69475 -0.69475 -0.18616 0.69475 -0.69475 -0.18616 0.69475 -0.69475 0.18616 0.69475 -0.69475 0.18616 0.50859 -0.69475 0.50859 0.50859 -0.69475 0.50859 0.18616 -0.69475 0.69475 0.18616 -0.69475 0.69475 -0.18616 -0.69475 0.69475 -0.18616 -0.69475 0.69475 -0.50859 -0.69475 0.50859 -0.50859 -0.69475 0.50859 -0.69475 -0.69475 0.18616 -0.69475 -0.69475 0.18616 -0.69475 -0.69475 -0.18616 -0.50859 -0.69475 -0.50859 -0.50859 -0.69475 -0.50859 -0.18616 -0.69475 -0.69475 -0.18616 -0.69475 -0.69475 0.18616 -0.69475 -0.69475 0.18616 -0.69475 -0.69475 0.50859 -0.69475 -0.50859 0.50859 -0.69475 -0.50859 0.69475 -0.69475 -0.18616 0.69475 -0.69475 -0.18616 0.69475 -0.69475 0.18616 0.69475 -0.69475 0.18616 0.50859 -0.69475 0.50859 0.50859 -0.69475 0.50859 0.18616 -0.69475 0.69475 0.18616 -0.69475 0.69475 -0.18616 -0.69475 0.69475 -0 -0.70711 0.70711 -0.1351 -0.70062 0.70062 -0.1351 -0.70062 0.70062 -0.38594 -0.70062 0.60015 -0.38594 -0.70062 0.60015 -0.58142 -0.70062 0.41361 -0.58142 -0.70062 0.41361 -0.32633 -0.70646 0.62803 -0.32633 -0.70646 0.62803 -0.39957 -0.70646 0.58417 -0.39957 -0.70646 0.58417 -0.46699 -0.70646 0.53182 -0.46699 -0.70646 0.53182 -0.52762 -0.70646 0.47173 -0.52762 -0.70646 0.47173 -0.58057 -0.70646 0.40478 -0.58057 -0.70646 0.40478 -0.62508 -0.70646 0.33194 -0.62508 -0.70646 0.33194 0.42949 -0.69807 -0.57292 0.42949 -0.69807 -0.57292 0.63553 -0.69807 -0.32983 0.63554 -0.69807 -0.32983 0.71571 -0.69807 -0.02142 0.71571 -0.69807 -0.02142 0.65412 -0.69807 0.29123 0.65412 -0.69807 0.29123 0.46298 -0.69807 0.54621 0.46298 -0.69807 0.54621 0.18014 -0.69807 0.69299 0.18014 -0.69807 0.69299 -0.13838 -0.69807 0.70253 -0.13838 -0.69807 0.70253 0.33681 -0.70606 -0.62292 0.33681 -0.70606 -0.62292 0.42815 -0.70606 -0.56406 0.42815 -0.70606 -0.56406 0.5094 -0.70606 -0.49192 0.5094 -0.70606 -0.49192 0.57866 -0.70606 -0.4082 0.57866 -0.70606 -0.4082 0.6343 -0.70606 -0.31487 0.6343 -0.70606 -0.31487 0.675 -0.70606 -0.21412 0.675 -0.70606 -0.21412 0.69982 -0.70606 -0.10834 0.69981 -0.70606 -0.10834 0.70815 -0.70606 0 0.69981 -0.70606 0.10834 0.69982 -0.70606 0.10834 0.675 -0.70606 0.21412 0.675 -0.70606 0.21412 0.6343 -0.70606 0.31487 0.6343 -0.70606 0.31487 0.57866 -0.70606 0.4082 0.57866 -0.70606 0.4082 0.5094 -0.70606 0.49192 0.5094 -0.70606 0.49192 0.42815 -0.70606 0.56406 0.42815 -0.70606 0.56406 0.33681 -0.70606 0.62292 0.33681 -0.70606 0.62292 -0.13838 -0.69807 -0.70253 -0.13838 -0.69807 -0.70253 0.18014 -0.69807 -0.69299 0.18014 -0.69807 -0.69299 0.46298 -0.69807 -0.5462 0.46298 -0.69807 -0.54621 0.65412 -0.69807 -0.29123 0.65412 -0.69807 -0.29123 0.71571 -0.69807 0.02142 0.71571 -0.69807 0.02142 0.63554 -0.69807 0.32983 0.63553 -0.69807 0.32983 0.42949 -0.69807 0.57292 0.42949 -0.69807 0.57292 -0.62508 -0.70646 -0.33194 -0.62508 -0.70646 -0.33194 -0.58057 -0.70646 -0.40478 -0.58057 -0.70646 -0.40478 -0.52762 -0.70646 -0.47173 -0.52762 -0.70646 -0.47173 -0.46699 -0.70646 -0.53182 -0.46699 -0.70646 -0.53182 -0.39957 -0.70646 -0.58417 -0.39957 -0.70646 -0.58417 -0.32633 -0.70646 -0.62803 -0.32633 -0.70646 -0.62803 -0.58142 -0.70062 -0.41362 -0.58142 -0.70062 -0.41361 -0.38594 -0.70062 -0.60015 -0.38594 -0.70062 -0.60015 -0.1351 -0.70062 -0.70062 -0.1351 -0.70062 -0.70062 0 -0.70711 -0.70711 -0.50859 -0.69475 -0.50859 -0.50859 -0.69475 -0.50859 -0.18616 -0.69475 -0.69475 0.18616 -0.69475 -0.69475 0.18616 -0.69475 -0.69475 0.69475 -0.69475 -0.18616 0.69475 -0.69475 -0.18616 0.69475 -0.69475 0.18616 0.69475 -0.69475 0.18616 -0.50859 -0.69475 0.50859 -0.69475 -0.69475 0.18616 -0.69475 -0.69475 0.18616 -0.69475 -0.69475 -0.18616 -0.50859 -0.69475 0.50859 -0.50859 -0.69475 0.50859 -0.18616 -0.69475 -0.69475 0.18616 -0.69475 -0.69475 0.18616 -0.69475 -0.69475 0.69475 -0.69475 -0.18616 0.69475 -0.69475 -0.18616 0.69475 -0.69475 0.18616 0.50859 -0.69475 0.50859 0.50859 -0.69475 0.50859 0.18616 -0.69475 0.69475 0.18616 -0.69475 0.69475 -0.18616 -0.69475 0.69475 -0.18616 -0.69475 0.69475 -0.47455 0 -0.88023 -0.56694 0 -0.82376 -0.67073 0 -0.74171 -0.81449 0 -0.58018 -0.92017 0 -0.39152 -0.98282 0 -0.18456 -0.99952 0 0.03103 -0.96948 0 0.24517 -0.89411 0 0.44785 -0.77693 0 0.62959 -0.62342 0 0.78188 -0.44077 0 0.89762 -0.2375 0 0.97139 -0.02313 0 0.99973 0.19233 -0 0.98133 0.39879 -0 0.91704 0.5866 -0 0.80988 0.74699 -0 0.66484 0.87244 -0 0.48872 0.95711 -0 0.28974 0.99701 -0 0.07722 0.9903 -0 -0.13892 0.93729 -0 -0.34856 0.84045 -0 -0.5419 0.7043 -0 -0.7099 0.53523 -0 -0.84471 0.34113 -0 -0.94002 0.13108 -0 -0.99137 -0.0851 0 -0.99637 -0.2973 0 -0.95478 -0.58616 0 -0.8102 -0.50649 0 -0.86225 -0.37862 0 -0.92555 -0.19662 0 -0.98048 -0.00751 0 -0.99997 0.18187 -0 -0.98332 0.36468 -0 -0.93113 0.53431 -0 -0.84529 0.68462 -0 -0.7289 0.8102 -0 -0.58616 0.90649 -0 -0.42224 0.97001 -0 -0.24305 0.99848 -0 -0.05508 0.99086 -0 0.13488 0.94743 -0 0.31996 0.86976 -0 0.49348 0.76065 -0 0.64917 0.62405 -0 0.78139 0.46489 -0 0.88537 0.28893 -0 0.95735 0.10253 -0 0.99473 -0.08758 0 0.99616 -0.27452 0 0.96158 -0.45154 0 0.89225 -0.61224 0 0.79067 -0.75081 0 0.66052 -0.86225 0 0.50649 -0.94252 0 0.33416 -0.98872 0 0.14975 -0.9992 0 -0.04008 -0.97355 0 -0.22845 -0.91273 0 -0.40857 -0.81891 0 -0.57392 -0.6955 0 -0.71853 0 1 0 -0 -1 -0 0.73572 -0 0.67728 0.61421 -0 0.78914 -0.47594 0 -0.87948 -0.61421 0 -0.78914 0.83716 -0 0.54695 0.91577 -0 0.4017 0.9694 -0 0.24549 0.99658 -0 0.08258 0.99658 -0 -0.08257 0.9694 -0 -0.24548 0.91578 -0 -0.40169 0.83717 -0 -0.54694 0.73573 -0 -0.67728 0.61422 -0 -0.78914 0.47595 -0 -0.87947 0.3247 -0 -0.94582 0.1646 -0 -0.98636 0 -0 -1 -0.16459 0 -0.98636 -0.32469 0 -0.94582 -0.73572 0 -0.67729 -0.83716 0 -0.54695 -0.91577 0 -0.4017 -0.9694 0 -0.24549 -0.99658 0 -0.08258 -0.99658 0 0.08257 -0.9694 0 0.24548 -0.91578 0 0.40169 -0.83717 0 0.54694 -0.73573 0 0.67728 -0.61422 0 0.78914 -0.47595 0 0.87947 -0.3247 0 0.94582 -0.1646 0 0.98636 -0 0 1 0.16459 -0 0.98636 0.32469 -0 0.94582 0.47594 -0 0.87948 -0.99921 0 -0.03962 -0.99023 0 0.13943 -0.97608 0 -0.21741 -0.92158 0 -0.3882 -0.83745 0 -0.54651 -0.72641 0 -0.68726 -0.59202 0 -0.80592 -0.4386 0 -0.89868 -0.27109 0 -0.96255 -0.09486 0 -0.99549 0.08441 -0 -0.99643 0.26098 -0 -0.96534 0.42915 -0 -0.90323 0.58353 -0 -0.81209 0.71916 -0 -0.69484 0.83167 -0 -0.55527 0.91745 -0 -0.39784 0.97375 -0 -0.22763 0.99874 -0 -0.0501 0.99164 -0 0.12903 0.95266 -0 0.30403 0.88307 -0 0.46924 0.78509 -0 0.61938 0.66188 -0 0.74961 0.5697 -0 0.82185 0.49373 -0 0.86961 -0.94942 0 0.314 0.35628 -0 0.93438 0.18371 -0 0.98298 0.00524 -0 0.99999 -0.17339 0 0.98485 -0.34646 0 0.93806 -0.50839 0 0.86113 -0.65398 0 0.75651 -0.77855 0 0.62758 -0.8781 0 0.47848 0 0 1 0 0 -1 0.96593 0.25882 0 0.70711 0.70711 0 0.25882 0.96593 0 -0.25882 0.96593 0 -0.70711 0.70711 0 -0.96593 0.25882 0 -0.96593 -0.25882 0 -0.70711 -0.70711 0 -0.25882 -0.96593 0 0.25882 -0.96593 0 0.70711 -0.70711 0 0.96593 -0.25882 0 0.96593 0.25882 0 0.70711 0.70711 0 0.25882 0.96593 0 -0.25882 0.96593 0 -0.70711 0.70711 0 -0.96593 0.25882 0 -0.96593 -0.25882 0 -0.70711 -0.70711 0 -0.25882 -0.96593 0 0.25882 -0.96593 0 0.70711 -0.70711 0 0.96593 -0.25882 0 0.96593 0.25882 0 -0.96593 0.25882 0 -0.96593 -0.25882 0 0.96593 -0.25882 0 0.25882 0.96593 0 -0.25882 0.96593 0 -0.25882 -0.96593 0 0.25882 -0.96593 0 0.96593 0.25882 0 0.25882 0.96593 0 -0.96593 0.25882 0 -0.96593 -0.25882 0 0.25882 -0.96593 0 0.96593 -0.25882 0 0.96593 0.25882 0 0.70711 0.70711 0 -0.70711 0.70711 0 -0.96593 0.25882 0 -0.96593 -0.25882 0 0.96593 -0.25882 0 -0.70711 -0.70711 0 0.70711 -0.70711 0 0.96593 0.25882 0 -0.96593 0.25882 0 -0.96593 -0.25882 0 0.96593 -0.25882 0 0.25881 0.00755 0.9659 0.98095 0.06429 0.18334 0.88896 -0.04223 0.45604 0.90678 0.03224 0.42036 0.75431 -0.00693 0.65648 0.98155 -0.05381 0.18345 0.92825 -0.01295 0.37172 0.9016 -0.02712 0.43171 0.79459 -0.02859 0.60647 0.71759 -0.01157 0.69637 0.75351 -0.03107 0.65671 0.91377 -0.01174 0.40606 0.92611 -0.06402 0.37177 0.90161 0.02712 0.43171 0.7535 0.02886 0.65681 0.25871 -0.02841 0.96554 0.79492 -0.00101 0.60672 0.61052 0.03104 0.79139 0.5001 0.00023 0.86597 0.15444 0.03937 0.98722 0.15456 -0.00451 0.98797 0.97847 0.0501 0.20019 0.92716 0.01358 0.37441 0.92716 0.0094 0.37454 0.75342 0.03097 0.65682 0.71759 0.01153 0.69637 0.45614 0.0215 0.88965 0.45613 -0.02158 0.88965 0.50024 -0.00022 0.86589 0.61052 -0.03104 0.79139 0.96593 0 -0.25882 0.70711 0 -0.70711 0.25882 0 -0.96593 0.96593 0 0.25882 0.70711 0.0012 0.70711 0.79492 0 0.60672 0.90191 0.00695 0.43186 0.98298 0 0.18372 0.25882 0 0.96593 0.61081 0 0.79177 0.90191 -0.00695 0.43186 0.70711 -0.0012 0.70711 0 -1 0 0 -0.81277 0.58259 0 -0.67283 0.7398 0 -0.50308 0.86424 0 -0.31105 0.95039 0 -0.10524 0.99445 0 0.10524 0.99445 0 0.31105 0.95039 0 0.50308 0.86424 0 0.67283 0.7398 0 0.81277 0.58259 0 1 0 0 0.81277 -0.58259 0 0.67283 -0.7398 0 0.50308 -0.86424 0 0.31105 -0.95039 0 0.10524 -0.99445 0 -0.10524 -0.99445 0 -0.31105 -0.95039 0 -0.50308 -0.86424 0 -0.67283 -0.7398 0 -0.81277 -0.58259 -1 0 0 0.70406 -0.65608 -0.27176 0.70406 -0.65608 -0.27176 0.70406 -0.56339 -0.43231 0.70406 -0.56339 -0.4323 0.70406 -0.4323 -0.56339 0.70406 -0.4323 -0.56339 0.70406 -0.27176 -0.65608 0.70406 -0.27176 -0.65608 0.70406 -0.09269 -0.70406 0.70406 -0.09269 -0.70406 0.70406 0.09269 -0.70406 0.70406 0.09269 -0.70406 0.70406 0.27176 -0.65608 0.70406 0.27176 -0.65608 0.70406 0.4323 -0.56339 0.70406 0.4323 -0.56339 0.70406 0.56339 -0.43231 0.70406 0.56339 -0.4323 0.70406 0.65608 -0.27176 0.70406 0.65608 -0.27176 0.70406 0.70406 -0.09269 0.70406 0.70406 -0.09269 0.70406 0.70406 0.09269 0.70406 0.70406 0.09269 0.70406 0.65608 0.27176 0.70406 0.65608 0.27176 0.70406 0.56339 0.43231 0.70406 0.56339 0.4323 0.70406 0.4323 0.56339 0.70406 0.4323 0.56339 0.70406 0.27176 0.65608 0.70406 0.27176 0.65608 0.70406 0.09269 0.70406 0.70406 0.09269 0.70406 0.70406 -0.09269 0.70406 0.70406 -0.09269 0.70406 0.70406 -0.27176 0.65608 0.70406 -0.27176 0.65608 0.70406 -0.4323 0.56339 0.70406 -0.4323 0.56339 0.70406 -0.56339 0.43231 0.70406 -0.56339 0.4323 0.70406 -0.65608 0.27176 0.70406 -0.65608 0.27176 0.70406 -0.70406 0.09269 0.70406 -0.70406 0.09269 0.70406 -0.70406 -0.09269 0.70406 -0.70406 -0.09269 0.70406 -0.65608 -0.27176 0.70406 -0.65608 -0.27176 0.70406 -0.56339 -0.43231 0.70406 -0.56339 -0.4323 0.70406 -0.43231 -0.56339 0.70406 -0.4323 -0.56339 0.70406 -0.27176 -0.65608 0.70406 -0.27176 -0.65608 0.70406 -0.09269 -0.70406 0.70406 -0.09269 -0.70406 0.70406 0.09269 -0.70406 0.70406 0.09269 -0.70406 0.70406 0.27176 -0.65608 0.70406 0.27176 -0.65608 0.70406 0.4323 -0.56339 0.70406 0.4323 -0.56339 0.70406 0.56339 -0.4323 0.70406 0.65608 -0.27176 0.70406 0.65608 -0.27176 0.70406 0.70406 -0.09269 0.70406 0.70406 -0.09269 0.70406 0.70406 0.09269 0.70406 0.70406 0.09269 0.70406 0.65608 0.27176 0.70406 0.65608 0.27176 0.70406 0.56339 0.4323 0.70406 0.56339 0.4323 0.70406 0.4323 0.56339 0.70406 0.4323 0.56339 0.70406 0.27176 0.65608 0.70406 0.27176 0.65608 0.70406 0.09269 0.70406 0.70406 0.09269 0.70406 0.70406 -0.09269 0.70406 0.70406 -0.09269 0.70406 0.70406 -0.27176 0.65608 0.70406 -0.27176 0.65608 0.70406 -0.43231 0.56339 0.70406 -0.4323 0.56339 0.70406 -0.56339 0.43231 0.70406 -0.56339 0.4323 0.70406 -0.65608 0.27176 0.70406 -0.65608 0.27176 0.70406 -0.70406 0.09269 0.70406 -0.70406 0.09269 0.70406 -0.70406 -0.09269 0.70406 -0.70406 -0.09269 0.70406 -0.65608 -0.27176 0.70406 -0.56339 -0.4323 0.70406 -0.56339 -0.43231 0.70406 -0.4323 -0.56339 0.70406 -0.27176 -0.65608 0.70406 -0.27176 -0.65608 0.70406 -0.09269 -0.70406 0.70406 -0.09269 -0.70406 0.70406 0.09269 -0.70406 0.70406 0.27176 -0.65608 0.70406 0.27176 -0.65608 0.70406 0.4323 -0.56339 0.70406 0.43231 -0.56339 0.70406 0.56339 -0.4323 0.70406 0.56339 -0.4323 0.70406 0.65608 -0.27176 0.70406 0.65608 -0.27176 0.70406 0.70406 -0.09269 0.70406 0.70406 -0.09269 0.70406 0.70406 0.09269 0.70406 0.65608 0.27176 0.70406 0.65608 0.27176 0.70406 0.56339 0.4323 0.70406 0.56339 0.43231 0.70406 0.4323 0.56339 0.70406 0.27176 0.65608 0.70406 0.27176 0.65608 0.70406 0.09269 0.70406 0.70406 0.09269 0.70406 0.70406 -0.09269 0.70406 0.70406 -0.09269 0.70406 0.70406 -0.27176 0.65608 0.70406 -0.27176 0.65608 0.70406 -0.4323 0.56339 0.70406 -0.43231 0.56339 0.70406 -0.56339 0.4323 0.70406 -0.65608 0.27176 0.70406 -0.65608 0.27176 0.70406 -0.70406 0.09269 0.70406 -0.70406 0.09269 0.70406 -0.70406 -0.09269 0.70406 -0.70406 -0.09269 0.70406 0.27176 -0.65608 0.70406 0.27176 -0.65608 0.70406 0.4323 -0.56339 0.70406 0.43231 -0.56339 0.70406 0.56339 -0.4323 0.70406 0.56339 -0.43231 0.70406 0.65608 -0.27176 0.70406 0.65608 -0.27176 0.70406 0.70406 -0.09269 0.70406 0.70406 -0.09269 0.70406 0.70406 0.09269 0.70406 0.70406 0.09269 0.70406 0.65608 0.27176 0.70406 0.65608 0.27176 0.70406 0.56339 0.4323 0.70406 0.56339 0.4323 0.70406 0.4323 0.56339 0.70406 0.27176 0.65608 0.70406 0.27176 0.65608 0.70406 0.09269 0.70406 0.70406 0.09269 0.70406 0.70406 -0.09269 0.70406 0.70406 -0.27176 0.65608 0.70406 -0.27176 0.65608 0.70406 -0.4323 0.56339 0.70406 -0.4323 0.56339 0.70406 -0.56339 0.4323 0.70406 -0.56339 0.4323 0.70406 -0.65608 0.27176 0.70406 -0.65608 0.27176 0.70406 -0.70406 0.09269 0.70406 -0.70406 0.09269 0.70406 -0.70406 -0.09269 0.70406 -0.70406 -0.09269 0.70406 -0.65608 -0.27176 0.70406 -0.65608 -0.27176 0.70406 -0.56339 -0.4323 0.70406 -0.56339 -0.43231 0.70406 -0.4323 -0.56339 0.70406 -0.43231 -0.56339 0.70406 -0.27176 -0.65608 0.70406 -0.27176 -0.65608 0.70406 -0.09269 -0.70406 0.70406 -0.09269 -0.70406 0.70406 0.27176 -0.65608 0.70406 0.27176 -0.65608 0.70406 0.4323 -0.56339 0.70406 0.43231 -0.56339 0.70406 0.56339 -0.43231 0.70406 0.65608 -0.27176 0.70406 0.65608 -0.27176 0.70406 0.70406 -0.09269 0.70406 0.70406 0.09269 0.70406 0.70406 0.09269 0.70406 0.65608 0.27176 0.70406 0.56339 0.4323 0.70406 0.56339 0.4323 0.70406 0.4323 0.56339 0.70406 0.27176 0.65608 0.70406 0.27176 0.65608 0.70406 0.09269 0.70406 0.70406 -0.09269 0.70406 0.70406 -0.27176 0.65608 0.70406 -0.27176 0.65608 0.70406 -0.4323 0.56339 0.70406 -0.4323 0.56339 0.70406 -0.65608 0.27176 0.70406 -0.65608 0.27176 0.70406 -0.70406 0.09269 0.70406 -0.70406 0.09269 0.70406 -0.70406 -0.09269 0.70406 -0.70406 -0.09269 0.70406 -0.65608 -0.27176 0.70406 -0.56339 -0.4323 0.70406 -0.56339 -0.43231 0.70406 -0.43231 -0.56339 0.70406 -0.27176 -0.65608 0.70406 -0.27176 -0.65608 0.70406 0.09269 -0.70406 0.70406 -0.65608 -0.27176 0.70406 -0.65608 -0.27176 0.70406 -0.27176 -0.65608 0.70406 -0.27176 -0.65608 0.70406 -0.09269 -0.70406 0.70406 -0.09269 -0.70406 0.70406 0.09269 -0.70406 0.70406 0.27176 -0.65608 0.70406 0.65608 -0.27176 0.70406 0.70406 -0.09269 0.70406 0.70406 -0.09269 0.70406 0.65608 0.27176 0.70406 0.65608 0.27176 0.70406 0.27176 0.65608 0.70406 0.27176 0.65608 0.70406 0.09269 0.70406 0.70406 0.09269 0.70406 0.70406 -0.09269 0.70406 0.70406 -0.65608 0.27176 0.70406 -0.70406 0.09269 0.70406 -0.70406 0.09269 0.70406 -0.70406 -0.09269 0.70406 -0.70406 -0.09269 0.70406 -0.65608 -0.27176 0.70406 -0.65608 -0.27176 0.70406 -0.56339 -0.4323 0.70406 -0.56339 -0.4323 0.70406 -0.4323 -0.56339 0.70406 -0.4323 -0.56339 0.70406 -0.27176 -0.65608 0.70406 -0.27176 -0.65608 0.70406 0.27176 -0.65608 0.70406 0.43231 -0.56339 0.70406 0.4323 -0.56339 0.70406 0.56339 -0.43231 0.70406 0.56339 -0.4323 0.70406 0.65608 -0.27176 0.70406 0.65608 -0.27176 0.70406 0.70406 -0.09269 0.70406 0.70406 -0.09269 0.70406 0.70406 0.09269 0.70406 0.70406 0.09269 0.70406 0.65608 0.27176 0.70406 0.65608 0.27176 0.70406 0.56339 0.43231 0.70406 0.56339 0.4323 0.70406 0.43231 0.56339 0.70406 0.27176 0.65608 0.70406 0.27176 0.65608 0.70406 -0.4323 0.56339 0.70406 -0.4323 0.56339 0.70406 -0.56339 0.4323 0.70406 -0.65608 0.27176 0.70406 -0.70406 -0.09269 0.70406 -0.70406 -0.09269 0.70406 -0.65608 -0.27176 0.70406 -0.56339 -0.43231 0.70406 -0.4323 -0.56339 0.70406 -0.27176 -0.65608 0.70406 -0.27176 -0.65608 0.70406 0.27176 -0.65608 0.70406 0.4323 -0.56339 0.70406 0.4323 -0.56339 0.70406 0.65608 -0.27176 0.70406 0.65608 -0.27176 0.70406 0.70406 -0.09269 0.70406 0.70406 -0.09269 0.70406 0.70406 0.09269 0.70406 0.56339 0.43231 0.70406 0.56339 0.4323 0.70406 0.27176 0.65608 0.70406 0.27176 0.65608 0.70406 -0.27176 0.65608 0.70406 -0.4323 0.56339 0.70406 -0.4323 0.56339 0.70406 -0.56339 0.4323 0.70406 -0.65608 0.27176 0.70406 -0.70406 0.09269 0.71031 -0.09188 0.69786 0.70907 0.09204 0.69911 0.70334 0.05438 0.70877 0.70767 -0.06514 0.70354 0.7103 0.26937 0.65032 0.70767 0.23389 0.66671 0.70608 0.17186 0.68696 0.70849 -0.11991 0.69546 0.70417 -0.19986 0.68133 0.7103 -0.26937 0.65032 0.70614 -0.30778 0.63768 0.70406 -0.43231 0.56339 0.70406 -0.4323 0.56339 0.70406 -0.56339 0.43231 0.70406 -0.56339 0.4323 0.70406 -0.65608 0.27176 0.70406 -0.65608 0.27176 0.70406 -0.70406 0.09269 0.70406 -0.70406 0.09269 0.70406 -0.70406 -0.09269 0.70406 -0.70406 -0.09269 0.70406 -0.65608 -0.27176 0.70406 -0.65608 -0.27176 0.70406 -0.56339 -0.43231 0.70406 -0.56339 -0.4323 0.70406 -0.4323 -0.56339 0.70406 -0.4323 -0.56339 0.70406 -0.27176 -0.65608 0.70406 -0.27176 -0.65608 0.70406 -0.09269 -0.70406 0.70406 -0.09269 -0.70406 0.70406 0.09269 -0.70406 0.70406 0.09269 -0.70406 0.70406 0.27176 -0.65608 0.70406 0.27176 -0.65608 0.70406 0.4323 -0.56339 0.70406 0.4323 -0.56339 0.70406 0.56339 -0.43231 0.70406 0.56339 -0.4323 0.70406 0.65608 -0.27176 0.70406 0.65608 -0.27176 0.70406 0.70406 -0.09269 0.70406 0.70406 -0.09269 0.70406 0.70406 0.09269 0.70406 0.70406 0.09269 0.70406 0.65608 0.27176 0.70406 0.65608 0.27176 0.70406 0.56339 0.43231 0.70406 0.56339 0.4323 0.70406 0.43231 0.56339 0.70406 0.4323 0.56339 0.70614 0.30778 0.63768 0 0.70711 0.70711 -0 0.70711 0.70711 0 0.70711 0.70711 0 -0.70711 0.70711 -0 -0.70711 0.70711 0 -0.70711 0.70711 1 0 0 0 -0.70711 -0.70711 -0 -0.70711 -0.70711 0 -0.70711 -0.70711 0 0.70711 -0.70711 -0 0.70711 -0.70711 0 0.70711 -0.70711 -0.70665 -0.03584 -0.70665 -0.70665 0.03584 -0.70665 -0.70665 0.03584 -0.70665 -0.70529 0.14271 -0.69441 -0.70529 0.1427 -0.69441 -0.70529 0.27957 -0.65147 -0.70529 0.27957 -0.65147 -0.70529 0.40499 -0.58186 -0.70529 0.40499 -0.58186 -0.70529 0.51382 -0.48842 -0.70529 0.51382 -0.48842 -0.70529 0.60162 -0.37499 -0.70529 0.60162 -0.37499 -0.70529 0.66479 -0.24621 -0.70529 0.66479 -0.24621 -0.70529 0.70075 -0.10735 -0.70529 0.70075 -0.10735 -0.70529 0.70801 0.03591 -0.70529 0.70801 0.03591 -0.70529 0.68629 0.17769 -0.70529 0.68629 0.17769 -0.70529 0.63647 0.31221 -0.70529 0.5606 0.43394 -0.70529 0.5606 0.43394 -0.70529 0.46177 0.5379 -0.70529 0.46177 0.5379 -0.70529 0.34404 0.61984 -0.70529 0.34404 0.61984 -0.70529 0.21223 0.67641 -0.70529 0.21223 0.67641 -0.70529 0.07172 0.70529 -0.70529 0.07172 0.70529 -0.70529 -0.07172 0.70529 -0.70529 -0.07172 0.70529 -0.70529 -0.21223 0.67641 -0.70529 -0.21223 0.67641 -0.70529 -0.34404 0.61984 -0.70529 -0.34404 0.61984 -0.70529 -0.46177 0.5379 -0.70529 -0.46177 0.5379 -0.70529 -0.5606 0.43394 -0.70529 -0.5606 0.43394 -0.70529 -0.63647 0.31221 -0.70529 -0.68629 0.17769 -0.70529 -0.68629 0.17769 -0.70529 -0.70801 0.03591 -0.70529 -0.70801 0.03591 -0.70529 -0.70075 -0.10735 -0.70529 -0.70075 -0.10735 -0.70529 -0.66479 -0.24621 -0.70529 -0.66479 -0.24621 -0.70529 -0.60162 -0.37499 -0.70529 -0.60162 -0.37499 -0.70529 -0.51382 -0.48842 -0.70529 -0.51382 -0.48842 -0.70529 -0.40499 -0.58186 -0.70529 -0.40499 -0.58186 -0.70529 -0.27957 -0.65147 -0.70529 -0.27957 -0.65147 -0.70529 -0.14271 -0.69441 -0.70529 -0.14271 -0.69441 -0.70665 -0.03584 -0.70665 0.01941 0.25877 -0.96574 0 0.38268 -0.92388 0 0.60876 -0.79335 0.01941 0.70697 -0.70697 0 0.79335 -0.60876 0 0.92388 -0.38268 0.01941 0.96574 -0.25877 0 0.99144 -0.13053 0 0.99144 0.13053 0.01941 0.96574 0.25877 0 0.92388 0.38268 0 0.79335 0.60876 0.01941 0.70697 0.70697 0 0.60876 0.79335 0 0.38268 0.92388 0.01941 0.25877 0.96574 0 0.13053 0.99144 0 -0.13053 0.99144 0.01941 -0.25877 0.96574 0 -0.38268 0.92388 0 -0.60876 0.79335 0.01941 -0.70697 0.70697 0 -0.79335 0.60876 0 -0.92388 0.38268 0.01941 -0.96574 0.25877 0 -0.99144 0.13053 0 -0.99144 -0.13053 0.01941 -0.96574 -0.25877 0 -0.92388 -0.38268 0 -0.79335 -0.60876 0.01941 -0.70697 -0.70697 0 -0.60876 -0.79335 0 -0.38268 -0.92388 0.01941 -0.25877 -0.96574 0 -0.13053 -0.99144 0 0.13053 -0.99144 0.01941 0.25877 -0.96574 0 0.38268 -0.92388 0 0.60876 -0.79335 0.01941 0.70697 -0.70697 0 0.79335 -0.60876 0 0.92388 -0.38268 0.01941 0.96574 -0.25877 0 0.99144 -0.13053 0.01941 0.96574 0.25877 0 0.92388 0.38268 0 0.79335 0.60876 0.01941 0.70697 0.70697 0 0.60876 0.79335 0 0.38268 0.92388 0.01941 0.25877 0.96574 0.01941 -0.25877 0.96574 0 -0.38268 0.92388 0 -0.60876 0.79335 0.01941 -0.70697 0.70697 0 -0.79335 0.60876 0 -0.92388 0.38268 0.01941 -0.96574 0.25877 0 -0.99144 0.13053 0 -0.99144 -0.13053 0.01941 -0.96574 -0.25877 0 -0.92388 -0.38268 0 -0.79335 -0.60876 0.01941 -0.70697 -0.70697 0 -0.60876 -0.79335 0 -0.38268 -0.92388 0.01941 -0.25877 -0.96574 0 -0.13053 -0.99144 0 0.13053 -0.99144 0.01941 0.25877 -0.96574 0 0.38268 -0.92388 0 0.60876 -0.79335 0.01941 0.70697 -0.70697 0 0.79335 -0.60876 0.01941 0.96574 -0.25877 0.01941 0.96574 0.25877 0 0.92388 0.38268 0 0.79335 0.60876 0.01941 0.70697 0.70697 0 0.60876 0.79335 0 0.38268 0.92388 0.01941 0.25877 0.96574 0 0.13053 0.99144 0 -0.13053 0.99144 0.01941 -0.25877 0.96574 0 -0.38268 0.92388 0 -0.60876 0.79335 0.01941 -0.70697 0.70697 0 -0.79335 0.60876 0 -0.92388 0.38268 0.01941 -0.96574 0.25877 0 -0.99144 -0.13053 0.01941 -0.96574 -0.25877 0 -0.79335 -0.60876 0.01941 -0.70697 -0.70697 0 -0.60876 -0.79335 0 -0.38268 -0.92388 0.01941 -0.25877 -0.96574 0 -0.13053 -0.99144 0 0.13053 -0.99144 0.01941 0.25877 -0.96574 0 0.38268 -0.92388 0 0.60876 -0.79335 0.01941 0.70697 -0.70697 0 0.79335 -0.60876 0 0.92388 -0.38268 0.01941 0.96574 -0.25877 0 0.99144 -0.13053 0 0.99144 0.13053 0.01941 0.96574 0.25877 0 0.92388 0.38268 0 0.79335 0.60876 0.01941 0.70697 0.70697 0 0.60876 0.79335 0 0.38268 0.92388 0.01941 0.25877 0.96574 0 -0.60876 0.79335 0.01941 -0.70697 0.70697 0 -0.79335 0.60876 0 -0.92388 0.38268 0.01941 -0.96574 0.25877 0.01941 -0.96574 -0.25877 0 -0.92388 -0.38268 0 -0.79335 -0.60876 0.01941 -0.70697 -0.70697 0 -0.60876 -0.79335 0.01941 0.96574 -0.25877 0.01941 0.96574 0.25877 0.01941 -0.25877 0.96574 0 -0.38268 0.92388 0.01941 -0.96574 0.25877 0 -0.99144 0.13053 0 -0.99144 -0.13053 0.01941 -0.96574 -0.25877 0 -0.38268 -0.92388 0.01941 -0.25877 -0.96574 0.01941 0.25877 -0.96574 0 0.38268 -0.92388 0 0.38268 0.92388 0.01941 0.25877 0.96574 0.01941 -0.25877 0.96574 0 -0.38268 0.92388 0 -0.38268 -0.92388 0.01941 -0.25877 -0.96574 0 0.60876 -0.79335 0.01941 0.70697 -0.70697 0 0.79335 -0.60876 0 0.79335 0.60876 0.01941 0.70697 0.70697 0 0.60876 0.79335 0 -0.60876 0.79335 0.01941 -0.70697 0.70697 0 -0.79335 0.60876 0 -0.79335 -0.60876 0.01941 -0.70697 -0.70697 0 -0.60876 -0.79335 0.01941 0.96574 -0.25877 0 0.99144 -0.13053 0 0.99144 0.13053 0.01941 0.96574 0.25877 0.01941 -0.96574 0.25877 0.01941 -0.96574 -0.25877 0 0.60876 -0.79335 0.01941 0.70697 -0.70697 0 0.79335 -0.60876 0 0.92388 -0.38268 0.01941 0.96574 -0.25877 0 0.99144 -0.13053 0 0.99144 0.13053 0.01941 0.96574 0.25877 0 0.92388 0.38268 0 0.70711 0.70711 0.03846 0.79277 0.60831 0 0.60876 0.79335 0 0.25882 0.96593 0.03846 0.3824 0.9232 0 0.13053 0.99144 0 -0.13053 0.99144 0.01941 -0.25877 0.96574 0 -0.38268 0.92388 0 -0.60876 0.79335 0.01941 -0.70697 0.70697 0 -0.79335 0.60876 0 -0.92388 0.38268 0.01941 -0.96574 0.25877 0 -0.99144 0.13053 0 -0.99144 -0.13053 0.01941 -0.96574 -0.25877 0 -0.92388 -0.38268 0 -0.70711 -0.70711 0.03846 -0.79277 -0.60831 0 -0.60876 -0.79335 0 -0.38268 -0.92388 0.01941 -0.25877 -0.96574 0 -0.13053 -0.99144 0 0.25882 -0.96593 0.03846 0.13043 -0.99071 0 0.38268 -0.92388 0 0.99107 -0.13338 0 0.92054 -0.39064 0 0.89665 -0.44275 0 0.95361 -0.30103 0 0.98834 -0.15229 0 0.98834 0.15229 0 0.95361 0.30103 0 0.89665 0.44275 0 0.92054 0.39064 0 0.99107 0.13338 -0.70711 -0 0.70711 -0.70711 0 0.70711 -0.70711 -0 0.70711 0 -0.99107 0.13338 0 -0.92054 0.39064 0 -0.89665 0.44275 0 -0.95361 0.30103 0 -0.98834 0.15229 0 -0.98834 -0.15229 0 -0.95361 -0.30103 0 -0.89665 -0.44275 0 -0.92054 -0.39064 0 -0.99107 -0.13338 -0.70711 -0 -0.70711 -0.70711 -0 -0.70711 -0.70711 0 -0.70711 0 0.2013 -0.97953 0 0.39436 -0.91896 0 0.57127 -0.82076 0 0.72479 -0.68897 0.08847 -0.05045 -0.9948 0 0.05065 -0.99872 0 -0.2013 -0.97953 0 -0.39436 -0.91896 0 -0.57127 -0.82076 0 -0.72479 -0.68897 0 -0.84864 -0.52896 0 -0.93775 -0.34731 0 -0.98847 -0.15143 0 -0.99872 0.05065 0 -0.96808 0.25065 0 -0.8978 0.44039 0 -0.79078 0.61211 0 -0.65137 0.75876 0 -0.4853 0.87435 0 -0.29936 0.95414 0 -0.10117 0.99487 0 0.10117 0.99487 0 0.29936 0.95414 0 0.4853 0.87435 0 0.65137 0.75876 0 0.79078 0.61211 0 0.8978 0.44039 0 0.96808 0.25065 0 0.99872 0.05065 0 0.98847 -0.15143 0 0.93775 -0.34731 0 0.86446 -0.5027 -0.0375 0.84805 -0.52859 0 0.80917 -0.58757 -1 -0 0 -1 0 0 -1 -0 0 -1 0 -0 -1 -0 -0 -1 -0 0 -1 0 0 -1 0 0 -1 0 0</float_array>
          <technique_common>
            <accessor source="#norm_0-array" count="6510" stride="3">
              <param name="X" type="float"/>
              <param name="Y" type="float"/>
              <param name="Z" type="float"/>
            </accessor>
          </technique_common>
        </source>
        <source id="uvs_0">
          <float_array id="uvs_0-array" count="0"></float_array>
          <technique_common>
            <accessor source="#uvs_0-array" count="0" stride="2">
              <param name="S" type="float"/>
              <param name="T" type="float"/>
            </accessor>
          </technique_common>
        </source>
        <vertices id="vert_0">
          <input semantic="POSITION" source="#pos_0"/>
        </vertices>
        <triangles count="5704" material="mat_0">
          <input semantic="VERTEX" source="#vert_0" offset="0"/>
          <input semantic="NORMAL" source="#norm_0" offset="1"/>
          <p>0 0 1 0 2 0 0 1 2 1 3 1 3 2 2 2 4 2 3 3 4 3 5 3 5 4 4 4 6 4 5 5 6 5 7 5 7 6 6 6 8 6 7 7 8 7 9 7 10 8 11 8 12 8 10 9 12 9 13 9 13 10 12 10 14 10 13 11 14 11 15 11 15 12 14 12 16 12 15 13 16 13 17 13 17 14 16 14 18 14 17 15 18 15 19 15 20 16 21 16 22 16 20 17 22 17 23 17 23 18 22 18 24 18 23 19 24 19 25 19 25 20 24 20 26 20 25 21 26 21 27 21 27 22 26 22 28 22 27 23 28 23 29 23 30 24 31 24 32 24 30 25 32 25 33 25 33 26 32 26 34 26 33 27 34 27 35 27 35 28 34 28 36 28 35 29 36 29 37 29 37 30 36 30 38 30 37 31 38 31 39 31 40 32 41 32 42 32 40 33 42 33 43 33 43 34 42 34 44 34 43 35 44 35 45 35 45 36 44 36 46 36 45 37 46 37 47 37 48 38 49 38 50 38 48 39 50 39 51 39 51 40 50 40 52 40 51 41 52 41 53 41 53 42 52 42 54 42 53 43 54 43 55 43 56 44 57 44 58 44 56 45 58 45 59 45 59 46 58 46 60 46 59 47 60 47 61 47 61 48 60 48 62 48 61 49 62 49 63 49 64 50 65 50 66 50 64 51 66 51 67 51 67 52 66 52 68 52 67 53 68 53 69 53 69 54 68 54 70 54 69 55 70 55 71 55 72 56 73 56 74 56 74 56 73 56 75 56 74 57 75 57 76 57 76 57 75 57 77 57 76 58 77 58 78 58 78 58 77 58 79 58 78 59 79 59 80 59 80 59 79 59 81 59 80 60 81 60 82 60 82 60 81 60 83 60 82 61 83 61 84 61 84 61 83 61 85 61 86 62 75 62 73 62 87 63 79 63 77 63 88 64 83 64 81 64 85 65 83 65 89 65 89 66 83 66 88 66 89 67 88 67 90 67 90 68 88 68 91 68 90 69 91 69 92 69 92 70 91 70 93 70 92 70 93 70 94 70 95 71 96 71 93 71 93 72 96 72 97 72 93 73 97 73 94 73 98 74 96 74 99 74 99 75 96 75 95 75 99 76 95 76 100 76 101 77 102 77 103 77 103 78 102 78 100 78 104 79 105 79 106 79 73 80 107 80 86 80 86 81 107 81 108 81 86 82 108 82 109 82 109 83 108 83 110 83 109 83 110 83 111 83 111 84 110 84 104 84 111 85 104 85 112 85 112 86 104 86 106 86 112 87 106 87 101 87 101 88 103 88 112 88 112 89 103 89 113 89 112 90 113 90 111 90 111 91 113 91 114 91 111 91 114 91 109 91 109 92 114 92 87 92 109 93 87 93 86 93 86 94 87 94 77 94 86 95 77 95 75 95 100 96 95 96 103 96 103 97 95 97 93 97 103 98 93 98 113 98 113 99 93 99 91 99 113 99 91 99 114 99 114 100 91 100 88 100 114 101 88 101 87 101 87 102 88 102 81 102 87 103 81 103 79 103 115 104 116 104 117 104 118 105 119 105 120 105 121 106 122 106 123 106 124 107 122 107 125 107 125 108 122 108 121 108 125 109 121 109 126 109 126 110 121 110 127 110 126 111 127 111 128 111 128 112 127 112 129 112 128 112 129 112 130 112 131 113 132 113 129 113 129 114 132 114 133 114 129 115 133 115 130 115 84 116 132 116 82 116 82 117 132 117 131 117 82 118 131 118 80 118 76 119 78 119 134 119 134 120 78 120 80 120 135 121 72 121 74 121 117 122 136 122 115 122 115 123 136 123 137 123 115 124 137 124 138 124 138 125 137 125 139 125 138 125 139 125 140 125 140 126 139 126 135 126 140 127 135 127 141 127 141 128 135 128 74 128 141 129 74 129 76 129 76 130 134 130 141 130 141 131 134 131 142 131 141 132 142 132 140 132 140 133 142 133 143 133 140 133 143 133 138 133 138 134 143 134 118 134 138 135 118 135 115 135 115 136 118 136 120 136 115 137 120 137 116 137 80 138 131 138 134 138 134 139 131 139 129 139 134 140 129 140 142 140 142 141 129 141 127 141 142 141 127 141 143 141 143 142 127 142 121 142 143 143 121 143 118 143 118 144 121 144 123 144 118 145 123 145 119 145 144 146 145 146 146 146 146 147 145 147 147 147 146 148 147 148 148 148 148 149 147 149 149 149 148 150 149 150 150 150 150 151 149 151 151 151 150 152 151 152 152 152 152 153 151 153 153 153 152 154 153 154 154 154 154 155 153 155 155 155 154 156 155 156 156 156 156 157 155 157 157 157 158 146 159 146 160 146 160 146 159 146 161 146 160 158 161 158 162 158 162 158 161 158 163 158 162 159 163 159 164 159 165 160 166 160 167 160 167 161 166 161 168 161 167 162 168 162 169 162 169 154 168 154 170 154 169 163 170 163 164 163 164 164 170 164 171 164 164 165 171 165 162 165 172 160 117 160 173 160 173 166 117 166 116 166 173 167 116 167 174 167 116 168 120 168 174 168 174 153 120 153 119 153 174 169 119 169 175 169 175 170 119 170 123 170 175 159 123 159 176 159 176 149 123 149 122 149 176 171 122 171 177 171 177 172 122 172 124 172 177 146 124 146 178 146 124 173 125 173 179 173 179 174 125 174 180 174 133 175 181 175 130 175 130 176 181 176 182 176 130 177 182 177 128 177 128 178 182 178 180 178 128 179 180 179 126 179 126 180 180 180 125 180 183 181 84 181 184 181 184 182 84 182 185 182 183 183 186 183 84 183 84 184 186 184 187 184 84 185 187 185 132 185 132 186 187 186 188 186 132 187 188 187 133 187 133 188 188 188 189 188 133 189 189 189 181 189 190 190 182 190 191 190 191 191 182 191 181 191 191 192 181 192 192 192 181 193 189 193 192 193 192 194 189 194 188 194 192 195 188 195 193 195 193 196 188 196 187 196 193 197 187 197 194 197 185 198 195 198 196 198 187 199 186 199 194 199 194 200 186 200 183 200 194 201 183 201 196 201 196 202 183 202 184 202 196 203 184 203 185 203 197 204 98 204 198 204 198 205 98 205 99 205 198 206 99 206 199 206 199 207 99 207 100 207 199 208 100 208 200 208 200 209 100 209 102 209 200 210 102 210 201 210 201 211 102 211 101 211 201 212 101 212 202 212 202 213 101 213 106 213 202 214 106 214 203 214 203 215 106 215 105 215 204 204 205 204 206 204 206 204 205 204 207 204 206 216 207 216 208 216 208 216 207 216 209 216 208 217 209 217 210 217 211 218 212 218 213 218 213 219 212 219 214 219 213 220 214 220 215 220 215 212 214 212 216 212 215 221 216 221 210 221 210 222 216 222 217 222 210 223 217 223 208 223 218 218 219 218 220 218 220 224 219 224 221 224 220 225 221 225 222 225 221 226 223 226 222 226 222 211 223 211 224 211 222 227 224 227 225 227 225 228 224 228 226 228 225 217 226 217 227 217 227 207 226 207 228 207 227 229 228 229 229 229 229 230 228 230 230 230 229 204 230 204 231 204 232 198 233 198 234 198 232 231 234 231 235 231 235 232 234 232 236 232 235 233 236 233 237 233 238 234 239 234 240 234 237 235 241 235 235 235 235 236 241 236 238 236 235 237 238 237 242 237 242 238 238 238 240 238 243 239 244 239 245 239 239 240 246 240 240 240 240 241 246 241 243 241 240 242 243 242 247 242 247 243 243 243 245 243 243 244 246 244 90 244 90 245 246 245 89 245 89 246 246 246 239 246 89 247 239 247 85 247 85 248 239 248 238 248 85 249 238 249 241 249 241 250 237 250 85 250 85 251 237 251 236 251 85 252 236 252 234 252 94 253 248 253 244 253 243 254 90 254 244 254 244 255 90 255 92 255 244 256 92 256 94 256 98 257 249 257 96 257 96 258 249 258 248 258 96 259 248 259 97 259 97 260 248 260 94 260 185 261 84 261 85 261 5 261 7 261 9 261 250 261 251 261 252 261 252 261 251 261 253 261 252 261 253 261 254 261 254 261 253 261 255 261 254 261 255 261 233 261 233 261 255 261 256 261 85 261 234 261 185 261 185 261 234 261 257 261 185 261 257 261 258 261 56 261 59 261 259 261 259 261 59 261 61 261 259 261 61 261 260 261 260 261 61 261 63 261 260 261 63 261 261 261 261 261 63 261 20 261 261 261 20 261 23 261 262 261 195 261 263 261 263 261 195 261 185 261 263 261 185 261 264 261 264 261 185 261 258 261 259 261 265 261 56 261 56 261 265 261 266 261 56 261 266 261 267 261 267 261 266 261 268 261 267 261 268 261 269 261 269 261 268 261 270 261 23 261 25 261 261 261 261 261 25 261 27 261 261 261 27 261 271 261 271 261 27 261 29 261 271 261 29 261 272 261 272 261 29 261 273 261 272 261 273 261 274 261 275 261 276 261 277 261 277 261 276 261 278 261 277 261 278 261 279 261 279 261 278 261 280 261 279 261 280 261 262 261 262 261 280 261 281 261 262 261 281 261 195 261 274 261 273 261 282 261 282 261 273 261 283 261 282 261 283 261 284 261 284 261 283 261 285 261 284 261 285 261 276 261 256 261 286 261 287 261 287 261 286 261 288 261 287 261 288 261 289 261 290 261 291 261 292 261 290 261 292 261 293 261 293 261 292 261 294 261 293 261 294 261 295 261 295 261 294 261 296 261 295 261 296 261 297 261 270 261 284 261 269 261 269 261 284 261 276 261 269 261 276 261 298 261 298 261 276 261 275 261 298 261 275 261 299 261 299 261 275 261 300 261 299 261 300 261 301 261 300 261 302 261 301 261 301 261 302 261 303 261 301 261 303 261 304 261 304 261 303 261 305 261 304 261 305 261 287 261 287 261 305 261 257 261 287 261 257 261 256 261 256 261 257 261 234 261 256 261 234 261 233 261 289 261 288 261 290 261 290 261 288 261 306 261 290 261 306 261 291 261 307 261 297 261 308 261 309 261 310 261 311 261 311 261 310 261 312 261 311 261 312 261 47 261 47 261 312 261 313 261 47 261 313 261 45 261 45 261 313 261 314 261 45 261 314 261 43 261 43 261 314 261 315 261 3 261 316 261 0 261 0 261 316 261 317 261 0 261 317 261 318 261 250 261 308 261 251 261 251 261 308 261 297 261 251 261 297 261 319 261 319 261 297 261 296 261 3 261 5 261 316 261 316 261 5 261 9 261 316 261 9 261 315 261 315 261 9 261 40 261 315 261 40 261 43 261 311 261 307 261 309 261 309 261 307 261 308 261 309 261 308 261 320 261 320 261 308 261 321 261 320 261 321 261 322 261 322 261 321 261 323 261 322 261 323 261 324 261 324 261 323 261 318 261 324 261 318 261 325 261 325 261 318 261 317 261 40 262 9 262 41 262 41 263 9 263 8 263 11 264 8 264 6 264 11 264 6 264 12 264 12 265 6 265 4 265 12 265 4 265 14 265 14 266 4 266 2 266 14 266 2 266 16 266 16 267 2 267 1 267 16 267 1 267 18 267 250 268 326 268 327 268 250 269 327 269 308 269 308 270 327 270 328 270 308 271 328 271 321 271 321 272 328 272 329 272 321 272 329 272 323 272 323 273 329 273 330 273 323 274 330 274 318 274 318 275 330 275 1 275 318 276 1 276 0 276 29 277 28 277 331 277 29 278 331 278 273 278 273 279 331 279 332 279 273 280 332 280 283 280 283 281 332 281 333 281 283 281 333 281 285 281 285 282 333 282 334 282 285 283 334 283 276 283 276 284 334 284 335 284 276 285 335 285 278 285 62 286 21 286 63 286 63 287 21 287 20 287 31 288 28 288 26 288 31 288 26 288 32 288 32 289 26 289 24 289 32 289 24 289 34 289 34 290 24 290 22 290 34 290 22 290 36 290 36 291 22 291 21 291 36 291 21 291 38 291 41 292 54 292 52 292 41 292 52 292 42 292 42 293 52 293 50 293 42 293 50 293 44 293 44 294 50 294 49 294 44 294 49 294 46 294 57 295 56 295 336 295 336 296 56 296 267 296 336 297 267 297 337 297 337 298 267 298 269 298 337 299 269 299 338 299 338 300 269 300 298 300 338 301 298 301 339 301 339 302 298 302 299 302 339 303 299 303 340 303 340 304 299 304 301 304 340 305 301 305 341 305 341 306 301 306 304 306 341 307 304 307 342 307 342 308 304 308 287 308 342 309 287 309 343 309 343 309 287 309 289 309 343 310 289 310 344 310 344 311 289 311 290 311 344 312 290 312 345 312 345 313 290 313 293 313 345 314 293 314 346 314 346 315 293 315 295 315 346 316 295 316 347 316 347 317 295 317 297 317 347 318 297 318 348 318 348 319 297 319 307 319 348 320 307 320 349 320 349 321 307 321 311 321 349 322 311 322 46 322 46 323 311 323 47 323 57 324 70 324 68 324 57 324 68 324 58 324 58 325 68 325 66 325 58 325 66 325 60 325 60 326 66 326 65 326 60 326 65 326 62 326 149 327 147 327 350 327 153 328 151 328 351 328 351 329 151 329 149 329 352 330 155 330 153 330 353 331 157 331 155 331 155 332 352 332 353 332 353 333 352 333 354 333 353 334 354 334 355 334 355 335 354 335 356 335 355 335 356 335 357 335 357 336 356 336 358 336 357 337 358 337 359 337 359 338 358 338 360 338 359 339 360 339 361 339 362 340 363 340 364 340 365 341 366 341 367 341 368 342 366 342 369 342 369 343 366 343 365 343 369 344 365 344 370 344 370 345 365 345 371 345 370 346 371 346 372 346 372 347 371 347 373 347 372 347 373 347 374 347 147 348 145 348 350 348 350 349 145 349 375 349 350 350 375 350 373 350 373 351 375 351 376 351 373 352 376 352 374 352 153 353 351 353 352 353 352 354 351 354 377 354 352 355 377 355 354 355 354 356 377 356 378 356 354 356 378 356 356 356 356 357 378 357 362 357 356 358 362 358 358 358 358 359 362 359 364 359 358 360 364 360 360 360 149 361 350 361 351 361 351 362 350 362 373 362 351 363 373 363 377 363 377 364 373 364 371 364 377 364 371 364 378 364 378 365 371 365 365 365 378 366 365 366 362 366 362 367 365 367 367 367 362 368 367 368 363 368 219 369 218 369 379 369 361 369 380 369 156 369 381 369 382 369 383 369 139 369 137 369 135 369 135 369 137 369 136 369 135 369 136 369 72 369 72 369 136 369 117 369 72 369 117 369 384 369 384 369 117 369 172 369 385 369 386 369 387 369 387 369 386 369 388 369 387 369 388 369 389 369 389 369 388 369 390 369 389 369 390 369 384 369 384 369 390 369 391 369 384 369 391 369 72 369 72 369 391 369 392 369 166 369 165 369 387 369 387 369 165 369 393 369 387 369 393 369 385 369 385 369 393 369 394 369 385 369 394 369 395 369 395 369 394 369 396 369 383 369 397 369 381 369 381 369 397 369 219 369 381 369 219 369 398 369 398 369 219 369 379 369 398 369 379 369 399 369 212 369 211 369 400 369 400 369 211 369 401 369 353 369 355 369 357 369 392 369 402 369 72 369 72 369 402 369 403 369 72 369 403 369 73 369 73 369 403 369 404 369 73 369 404 369 405 369 104 369 110 369 108 369 156 369 157 369 361 369 361 369 157 369 353 369 361 369 353 369 359 369 359 369 353 369 357 369 203 369 73 369 406 369 406 369 73 369 405 369 406 369 405 369 407 369 407 369 405 369 408 369 407 369 408 369 401 369 203 369 105 369 73 369 73 369 105 369 104 369 73 369 104 369 107 369 107 369 104 369 108 369 401 369 408 369 400 369 400 369 408 369 409 369 400 369 409 369 399 369 399 369 409 369 410 369 399 369 410 369 398 369 398 369 410 369 411 369 398 369 411 369 412 369 394 369 380 369 396 369 396 369 380 369 361 369 396 369 361 369 413 369 413 369 361 369 398 369 413 369 398 369 414 369 414 369 398 369 412 369 415 370 416 370 417 370 418 371 419 371 420 371 420 372 419 372 415 372 421 373 422 373 418 373 381 374 398 374 422 374 422 375 421 375 381 375 381 376 421 376 423 376 381 377 423 377 382 377 382 378 423 378 424 378 382 378 424 378 383 378 383 379 424 379 425 379 383 380 425 380 397 380 397 381 425 381 221 381 397 382 221 382 219 382 426 383 224 383 223 383 427 384 228 384 226 384 230 385 228 385 428 385 428 386 228 386 427 386 428 387 427 387 429 387 429 388 427 388 430 388 429 389 430 389 431 389 431 390 430 390 432 390 431 390 432 390 433 390 416 391 434 391 417 391 417 392 434 392 435 392 417 393 435 393 432 393 432 394 435 394 436 394 432 395 436 395 433 395 418 396 420 396 421 396 421 397 420 397 437 397 421 398 437 398 423 398 423 399 437 399 438 399 423 399 438 399 424 399 424 400 438 400 426 400 424 401 426 401 425 401 425 402 426 402 223 402 425 403 223 403 221 403 415 404 417 404 420 404 420 405 417 405 432 405 420 406 432 406 437 406 437 407 432 407 430 407 437 407 430 407 438 407 438 408 430 408 427 408 438 409 427 409 426 409 426 410 427 410 226 410 426 411 226 411 224 411 439 412 440 412 441 412 442 413 440 413 439 413 439 414 443 414 444 414 445 415 443 415 439 415 441 416 445 416 439 416 439 417 446 417 447 417 448 418 446 418 439 418 444 419 448 419 439 419 439 420 449 420 450 420 451 421 449 421 439 421 447 422 451 422 439 422 450 423 442 423 439 423 389 424 452 424 453 424 454 425 452 425 389 425 384 426 454 426 389 426 389 427 455 427 387 427 456 428 455 428 389 428 453 429 456 429 389 429 394 430 457 430 458 430 459 431 457 431 394 431 393 432 459 432 394 432 394 433 460 433 380 433 461 434 460 434 394 434 458 435 461 435 394 435 462 436 145 436 144 436 178 436 124 436 463 436 463 436 124 436 179 436 463 436 179 436 464 436 464 436 179 436 462 436 464 436 462 436 465 436 159 436 158 436 466 436 466 436 158 436 465 436 466 436 465 436 467 436 467 436 465 436 462 436 467 436 462 436 468 436 468 436 462 436 144 436 469 437 470 437 471 437 472 438 470 438 469 438 469 439 473 439 474 439 475 440 473 440 469 440 471 441 475 441 469 441 469 442 476 442 477 442 478 443 476 443 469 443 474 444 478 444 469 444 469 445 479 445 480 445 481 446 479 446 469 446 477 447 481 447 469 447 480 448 472 448 469 448 482 449 195 449 483 449 483 450 195 450 281 450 483 451 281 451 484 451 484 452 281 452 280 452 484 453 280 453 335 453 335 454 280 454 278 454 485 455 486 455 487 455 487 456 486 456 488 456 180 369 182 369 190 369 489 369 490 369 491 369 491 369 490 369 462 369 491 369 462 369 190 369 190 369 462 369 179 369 190 369 179 369 180 369 482 457 492 457 195 457 195 458 492 458 196 458 407 459 493 459 494 459 495 460 493 460 407 460 401 461 495 461 407 461 407 462 496 462 406 462 497 463 496 463 407 463 494 464 497 464 407 464 399 465 498 465 499 465 500 466 498 466 399 466 379 467 500 467 399 467 399 468 501 468 400 468 502 469 501 469 399 469 499 470 502 470 399 470 249 471 98 471 197 471 231 471 230 471 503 471 503 471 230 471 504 471 503 471 504 471 505 471 205 471 204 471 506 471 506 471 204 471 507 471 197 471 508 471 249 471 249 471 508 471 509 471 249 471 509 471 504 471 504 471 509 471 506 471 504 471 506 471 505 471 505 471 506 471 507 471 510 472 511 472 512 472 513 473 511 473 510 473 510 474 514 474 515 474 516 475 514 475 510 475 512 476 516 476 510 476 510 477 517 477 518 477 519 478 517 478 510 478 515 479 519 479 510 479 510 480 520 480 521 480 522 481 520 481 510 481 518 482 522 482 510 482 521 483 513 483 510 483 523 484 524 484 525 484 526 485 524 485 523 485 523 486 527 486 528 486 529 487 527 487 523 487 525 488 529 488 523 488 523 489 530 489 531 489 532 490 530 490 523 490 528 491 532 491 523 491 523 492 533 492 534 492 535 493 533 493 523 493 531 494 535 494 523 494 534 495 526 495 523 495 536 496 537 496 538 496 538 497 537 497 539 497 540 369 541 369 542 369 244 369 248 369 245 369 245 369 248 369 249 369 245 369 249 369 542 369 542 369 249 369 504 369 542 369 504 369 540 369 233 498 232 498 543 498 543 499 232 499 544 499 326 500 250 500 545 500 545 501 250 501 252 501 545 502 252 502 546 502 546 503 252 503 254 503 546 504 254 504 543 504 543 505 254 505 233 505 271 506 547 506 261 506 261 506 547 506 548 506 261 507 548 507 260 507 260 507 548 507 549 507 260 508 549 508 259 508 259 508 549 508 550 508 259 509 550 509 265 509 265 509 550 509 551 509 265 510 551 510 266 510 266 510 551 510 552 510 266 511 552 511 268 511 268 511 552 511 553 511 268 512 553 512 270 512 270 512 553 512 554 512 270 513 554 513 284 513 284 513 554 513 555 513 284 514 555 514 282 514 282 514 555 514 556 514 282 515 556 515 274 515 274 515 556 515 557 515 274 516 557 516 272 516 272 516 557 516 558 516 272 517 558 517 271 517 271 517 558 517 547 517 277 506 559 506 275 506 275 506 559 506 560 506 275 507 560 507 300 507 300 507 560 507 561 507 300 508 561 508 302 508 302 508 561 508 562 508 302 509 562 509 303 509 303 509 562 509 563 509 303 510 563 510 305 510 305 510 563 510 564 510 305 511 564 511 257 511 257 511 564 511 565 511 257 518 565 518 258 518 258 518 565 518 566 518 258 513 566 513 264 513 264 513 566 513 567 513 264 514 567 514 263 514 263 514 567 514 568 514 263 515 568 515 262 515 262 515 568 515 569 515 262 516 569 516 279 516 279 516 569 516 570 516 279 519 570 519 277 519 277 519 570 519 559 519 306 506 571 506 291 506 291 506 571 506 572 506 291 507 572 507 292 507 292 507 572 507 573 507 292 508 573 508 294 508 294 508 573 508 574 508 294 509 574 509 296 509 296 509 574 509 575 509 296 510 575 510 319 510 319 510 575 510 576 510 319 511 576 511 251 511 251 511 576 511 577 511 251 518 577 518 253 518 253 518 577 518 578 518 253 513 578 513 255 513 255 513 578 513 579 513 255 514 579 514 256 514 256 514 579 514 580 514 256 515 580 515 286 515 286 515 580 515 581 515 286 516 581 516 288 516 288 516 581 516 582 516 288 519 582 519 306 519 306 519 582 519 571 519 310 506 583 506 312 506 312 506 583 506 584 506 312 507 584 507 313 507 313 507 584 507 585 507 313 508 585 508 314 508 314 508 585 508 586 508 314 509 586 509 315 509 315 509 586 509 587 509 315 510 587 510 316 510 316 510 587 510 588 510 316 511 588 511 317 511 317 511 588 511 589 511 317 512 589 512 325 512 325 512 589 512 590 512 325 513 590 513 324 513 324 513 590 513 591 513 324 514 591 514 322 514 322 514 591 514 592 514 322 515 592 515 320 515 320 515 592 515 593 515 320 516 593 516 309 516 309 516 593 516 594 516 309 517 594 517 310 517 310 517 594 517 583 517 11 520 54 520 8 520 8 520 54 520 41 520 18 521 1 521 330 521 18 521 330 521 595 521 595 522 330 522 329 522 595 522 329 522 596 522 596 523 329 523 328 523 596 523 328 523 597 523 597 524 328 524 327 524 597 524 327 524 598 524 598 525 327 525 326 525 598 525 326 525 599 525 600 526 335 526 334 526 600 526 334 526 601 526 601 527 334 527 333 527 601 527 333 527 602 527 602 528 333 528 332 528 602 528 332 528 603 528 603 529 332 529 331 529 603 529 331 529 604 529 604 530 331 530 28 530 604 530 28 530 31 530 65 531 38 531 62 531 62 531 38 531 21 531 46 532 49 532 349 532 349 532 49 532 605 532 349 533 605 533 348 533 348 533 605 533 606 533 348 534 606 534 347 534 347 534 606 534 607 534 347 535 607 535 346 535 346 535 607 535 608 535 346 536 608 536 345 536 345 536 608 536 609 536 345 537 609 537 344 537 344 537 609 537 610 537 344 538 610 538 343 538 343 538 610 538 611 538 343 369 611 369 342 369 342 369 611 369 612 369 342 539 612 539 341 539 341 539 612 539 613 539 341 540 613 540 340 540 340 540 613 540 614 540 340 541 614 541 339 541 339 541 614 541 615 541 339 542 615 542 338 542 338 542 615 542 616 542 338 543 616 543 337 543 337 543 616 543 617 543 337 544 617 544 336 544 336 544 617 544 618 544 336 545 618 545 57 545 57 545 618 545 70 545 413 546 619 546 396 546 396 547 619 547 620 547 396 548 620 548 395 548 395 548 620 548 621 548 395 549 621 549 385 549 385 549 621 549 622 549 385 550 622 550 386 550 386 550 622 550 623 550 386 551 623 551 388 551 388 551 623 551 624 551 388 552 624 552 390 552 390 552 624 552 625 552 390 553 625 553 391 553 391 553 625 553 626 553 391 554 626 554 392 554 392 554 626 554 627 554 392 555 627 555 402 555 402 555 627 555 628 555 402 261 628 261 403 261 403 261 628 261 629 261 403 556 629 556 404 556 404 556 629 556 630 556 404 557 630 557 405 557 405 557 630 557 631 557 405 558 631 558 408 558 408 558 631 558 632 558 408 559 632 559 409 559 409 559 632 559 633 559 409 560 633 560 410 560 410 560 633 560 634 560 410 561 634 561 411 561 411 561 634 561 635 561 411 562 635 562 412 562 412 562 635 562 636 562 412 563 636 563 414 563 414 563 636 563 637 563 414 564 637 564 413 564 413 565 637 565 619 565 488 566 638 566 487 566 487 567 638 567 639 567 639 568 640 568 487 568 487 569 640 569 641 569 487 570 641 570 642 570 642 571 641 571 643 571 642 572 643 572 644 572 643 573 645 573 644 573 644 574 645 574 489 574 644 575 489 575 491 575 641 576 640 576 368 576 368 577 640 577 639 577 368 578 639 578 638 578 374 579 490 579 489 579 641 580 368 580 643 580 643 581 368 581 369 581 643 582 369 582 645 582 645 583 369 583 370 583 645 584 370 584 489 584 489 585 370 585 372 585 489 586 372 586 374 586 145 587 462 587 375 587 375 588 462 588 490 588 375 589 490 589 376 589 376 590 490 590 374 590 398 591 361 591 422 591 422 591 361 591 360 591 422 592 360 592 418 592 418 592 360 592 364 592 418 593 364 593 419 593 419 593 364 593 363 593 419 594 363 594 415 594 415 594 363 594 367 594 415 595 367 595 416 595 416 595 367 595 366 595 416 596 366 596 434 596 434 596 366 596 368 596 230 597 428 597 504 597 504 598 428 598 540 598 436 599 646 599 433 599 433 600 646 600 541 600 433 601 541 601 431 601 431 602 541 602 540 602 431 603 540 603 429 603 429 604 540 604 428 604 647 605 434 605 648 605 648 606 434 606 649 606 647 607 650 607 434 607 434 608 650 608 651 608 434 609 651 609 435 609 435 610 651 610 652 610 435 611 652 611 436 611 436 612 652 612 653 612 436 613 653 613 646 613 542 614 541 614 654 614 654 615 541 615 646 615 646 616 653 616 654 616 654 617 653 617 652 617 654 618 652 618 655 618 655 619 652 619 651 619 649 566 537 566 536 566 651 620 650 620 655 620 655 621 650 621 647 621 655 622 647 622 536 622 536 623 647 623 648 623 536 624 648 624 649 624 656 625 657 625 658 625 658 626 657 626 659 626 658 627 659 627 660 627 660 628 659 628 661 628 660 629 661 629 486 629 486 630 661 630 488 630 657 631 656 631 662 631 657 632 662 632 663 632 663 633 662 633 664 633 663 634 664 634 665 634 665 635 664 635 666 635 665 636 666 636 667 636 667 637 666 637 668 637 667 638 668 638 669 638 669 639 668 639 670 639 669 640 670 640 671 640 671 641 670 641 672 641 671 642 672 642 673 642 673 643 672 643 674 643 673 644 674 644 675 644 675 645 674 645 676 645 675 646 676 646 677 646 677 647 676 647 678 647 677 648 678 648 679 648 679 649 678 649 680 649 679 650 680 650 681 650 681 651 680 651 682 651 681 652 682 652 683 652 683 653 682 653 684 653 683 654 684 654 685 654 685 655 684 655 686 655 685 656 686 656 687 656 688 657 689 657 690 657 690 658 689 658 691 658 690 659 691 659 692 659 692 660 691 660 693 660 692 661 693 661 694 661 694 662 693 662 695 662 694 663 695 663 696 663 696 664 695 664 697 664 696 665 697 665 698 665 698 666 697 666 699 666 698 667 699 667 700 667 700 668 699 668 701 668 700 669 701 669 702 669 702 670 701 670 703 670 702 671 703 671 704 671 704 671 703 671 705 671 704 672 705 672 706 672 706 673 705 673 707 673 706 674 707 674 708 674 708 675 707 675 709 675 708 676 709 676 710 676 710 677 709 677 711 677 710 678 711 678 712 678 712 679 711 679 713 679 712 680 713 680 714 680 714 681 713 681 715 681 714 682 715 682 716 682 716 683 715 683 717 683 716 684 717 684 686 684 686 685 717 685 687 685 689 686 688 686 718 686 689 687 718 687 719 687 719 688 718 688 720 688 719 689 720 689 721 689 721 690 720 690 722 690 721 691 722 691 723 691 723 692 722 692 724 692 723 693 724 693 725 693 725 694 724 694 726 694 725 695 726 695 727 695 727 696 726 696 728 696 727 697 728 697 729 697 729 698 728 698 730 698 729 699 730 699 731 699 731 700 730 700 732 700 731 701 732 701 733 701 733 702 732 702 734 702 733 703 734 703 735 703 735 704 734 704 736 704 735 705 736 705 737 705 737 706 736 706 738 706 737 707 738 707 739 707 739 708 738 708 740 708 739 709 740 709 741 709 741 710 740 710 742 710 741 711 742 711 743 711 539 712 537 712 744 712 744 713 537 713 745 713 744 714 745 714 746 714 746 715 745 715 747 715 746 716 747 716 742 716 742 717 747 717 743 717 451 718 748 718 449 718 449 718 748 718 749 718 449 719 749 719 450 719 450 719 749 719 750 719 450 720 750 720 442 720 442 720 750 720 751 720 442 721 751 721 440 721 440 721 751 721 752 721 440 722 752 722 441 722 441 722 752 722 753 722 441 723 753 723 445 723 445 723 753 723 754 723 445 724 754 724 443 724 443 724 754 724 755 724 443 725 755 725 444 725 444 725 755 725 756 725 444 726 756 726 448 726 448 726 756 726 757 726 448 727 757 727 446 727 446 727 757 727 758 727 446 728 758 728 447 728 447 728 758 728 759 728 447 729 759 729 451 729 451 729 759 729 748 729 166 730 387 730 455 730 760 731 178 731 761 731 761 732 178 732 463 732 761 733 463 733 762 733 762 733 463 733 464 733 762 734 464 734 763 734 763 734 464 734 465 734 763 735 465 735 764 735 765 724 172 724 766 724 766 736 172 736 173 736 766 737 173 737 174 737 174 738 175 738 766 738 766 739 175 739 176 739 766 740 176 740 760 740 760 741 176 741 177 741 760 742 177 742 178 742 465 743 158 743 764 743 764 744 158 744 160 744 764 745 160 745 767 745 767 746 160 746 162 746 162 747 171 747 767 747 767 748 171 748 170 748 767 749 170 749 168 749 384 724 172 724 454 724 454 724 172 724 765 724 454 750 765 750 452 750 452 750 765 750 768 750 452 751 768 751 453 751 453 751 768 751 769 751 453 752 769 752 456 752 456 752 769 752 770 752 456 753 770 753 455 753 168 754 166 754 767 754 767 730 166 730 455 730 767 730 455 730 771 730 771 753 455 753 770 753 156 755 380 755 460 755 772 756 159 756 773 756 773 732 159 732 466 732 773 757 466 757 774 757 774 757 466 757 467 757 774 758 467 758 775 758 775 758 467 758 468 758 775 759 468 759 776 759 777 760 165 760 778 760 778 736 165 736 167 736 778 737 167 737 169 737 169 738 164 738 778 738 778 761 164 761 163 761 778 762 163 762 772 762 772 741 163 741 161 741 772 763 161 763 159 763 468 764 144 764 776 764 776 765 144 765 146 765 776 766 146 766 779 766 779 767 146 767 148 767 148 768 150 768 779 768 779 769 150 769 152 769 779 770 152 770 154 770 393 760 165 760 459 760 459 760 165 760 777 760 459 771 777 771 457 771 457 771 777 771 780 771 457 772 780 772 458 772 458 772 780 772 781 772 458 773 781 773 461 773 461 773 781 773 782 773 461 774 782 774 460 774 154 775 156 775 779 775 779 755 156 755 460 755 779 755 460 755 783 755 783 774 460 774 782 774 472 766 784 766 470 766 470 766 784 766 785 766 470 719 785 719 471 719 471 719 785 719 786 719 471 776 786 776 475 776 475 776 786 776 787 776 475 777 787 777 473 777 473 777 787 777 788 777 473 722 788 722 474 722 474 722 788 722 789 722 474 778 789 778 478 778 478 778 789 778 790 778 478 779 790 779 476 779 476 779 790 779 791 779 476 725 791 725 477 725 477 725 791 725 792 725 477 780 792 780 481 780 481 780 792 780 793 780 481 781 793 781 479 781 479 781 793 781 794 781 479 728 794 728 480 728 480 728 794 728 795 728 480 755 795 755 472 755 472 755 795 755 784 755 335 782 600 782 484 782 484 782 600 782 796 782 484 783 796 783 483 783 483 783 796 783 797 783 483 784 797 784 482 784 482 785 797 785 798 785 482 786 798 786 492 786 491 787 799 787 644 787 644 788 799 788 800 788 644 789 800 789 642 789 642 790 800 790 801 790 642 791 801 791 487 791 487 792 801 792 485 792 802 793 799 793 190 793 190 793 799 793 491 793 803 794 802 794 190 794 190 795 191 795 803 795 803 796 191 796 192 796 803 797 192 797 804 797 196 798 492 798 194 798 194 799 492 799 804 799 194 800 804 800 193 800 193 801 804 801 192 801 203 724 406 724 496 724 805 802 205 802 806 802 806 803 205 803 506 803 806 734 506 734 807 734 807 734 506 734 509 734 807 733 509 733 808 733 808 733 509 733 508 733 808 804 508 804 809 804 810 730 211 730 811 730 811 805 211 805 213 805 811 806 213 806 215 806 215 807 210 807 811 807 811 808 210 808 209 808 811 809 209 809 805 809 805 810 209 810 207 810 805 744 207 744 205 744 508 811 197 811 809 811 809 742 197 742 198 742 809 723 198 723 812 723 812 812 198 812 199 812 199 813 200 813 812 813 812 814 200 814 201 814 812 815 201 815 202 815 401 730 211 730 495 730 495 730 211 730 810 730 495 753 810 753 493 753 493 753 810 753 813 753 493 752 813 752 494 752 494 752 813 752 814 752 494 751 814 751 497 751 497 751 814 751 815 751 497 750 815 750 496 750 202 816 203 816 812 816 812 724 203 724 496 724 812 724 496 724 816 724 816 750 496 750 815 750 212 760 400 760 501 760 817 817 231 817 818 817 818 803 231 803 503 803 818 758 503 758 819 758 819 758 503 758 505 758 819 757 505 757 820 757 820 757 505 757 507 757 820 818 507 818 821 818 822 755 218 755 823 755 823 805 218 805 220 805 823 806 220 806 222 806 222 807 225 807 823 807 823 819 225 819 227 819 823 820 227 820 817 820 817 810 227 810 229 810 817 765 229 765 231 765 507 821 204 821 821 821 821 763 204 763 206 763 821 822 206 822 824 822 824 823 206 823 208 823 208 824 217 824 824 824 824 825 217 825 216 825 824 826 216 826 214 826 379 755 218 755 500 755 500 755 218 755 822 755 500 774 822 774 498 774 498 774 822 774 825 774 498 773 825 773 499 773 499 773 825 773 826 773 499 772 826 772 502 772 502 772 826 772 827 772 502 771 827 771 501 771 214 827 212 827 824 827 824 760 212 760 501 760 824 760 501 760 828 760 828 771 501 771 827 771 513 778 829 778 511 778 511 778 829 778 830 778 511 722 830 722 512 722 512 722 830 722 831 722 512 777 831 777 516 777 516 777 831 777 832 777 516 776 832 776 514 776 514 776 832 776 833 776 514 719 833 719 515 719 515 719 833 719 834 719 515 766 834 766 519 766 519 766 834 766 835 766 519 755 835 755 517 755 517 755 835 755 836 755 517 728 836 728 518 728 518 728 836 728 837 728 518 781 837 781 522 781 522 781 837 781 838 781 522 780 838 780 520 780 520 780 838 780 839 780 520 725 839 725 521 725 521 725 839 725 840 725 521 779 840 779 513 779 513 779 840 779 829 779 529 723 841 723 527 723 527 723 841 723 842 723 527 722 842 722 528 722 528 722 842 722 843 722 528 721 843 721 532 721 532 721 843 721 844 721 532 720 844 720 530 720 530 720 844 720 845 720 530 719 845 719 531 719 531 719 845 719 846 719 531 718 846 718 535 718 535 718 846 718 847 718 535 729 847 729 533 729 533 729 847 729 848 729 533 728 848 728 534 728 534 728 848 728 849 728 534 727 849 727 526 727 526 727 849 727 850 727 526 726 850 726 524 726 524 726 850 726 851 726 524 725 851 725 525 725 525 725 851 725 852 725 525 724 852 724 529 724 529 724 852 724 841 724 536 828 538 828 655 828 655 828 538 828 853 828 655 829 853 829 654 829 654 829 853 829 854 829 654 830 854 830 542 830 542 831 854 831 855 831 542 832 855 832 245 832 245 832 855 832 856 832 857 833 544 833 232 833 232 834 235 834 857 834 857 835 235 835 242 835 857 836 242 836 858 836 245 837 856 837 247 837 247 838 856 838 858 838 247 839 858 839 240 839 240 840 858 840 242 840 543 841 544 841 859 841 543 842 859 842 546 842 546 843 859 843 860 843 546 844 860 844 545 844 860 844 861 844 545 844 545 845 861 845 599 845 545 845 599 845 326 845 552 846 551 846 862 846 862 847 863 847 552 847 552 848 863 848 864 848 552 849 864 849 553 849 553 850 864 850 865 850 553 851 865 851 554 851 554 852 865 852 866 852 554 853 866 853 555 853 555 854 866 854 867 854 555 855 867 855 556 855 556 856 867 856 868 856 556 857 868 857 557 857 557 858 868 858 869 858 557 859 869 859 558 859 558 860 869 860 870 860 558 861 870 861 547 861 547 862 870 862 871 862 547 863 871 863 548 863 548 864 871 864 872 864 548 865 872 865 549 865 549 866 872 866 873 866 549 867 873 867 550 867 550 868 873 868 874 868 550 869 874 869 551 869 551 870 874 870 875 870 551 871 875 871 862 871 876 872 877 872 561 872 561 873 877 873 878 873 561 874 878 874 562 874 562 875 878 875 879 875 562 876 879 876 563 876 563 877 879 877 880 877 563 878 880 878 564 878 564 879 880 879 881 879 564 880 881 880 565 880 565 881 881 881 882 881 565 882 882 882 566 882 566 883 882 883 883 883 566 884 883 884 567 884 567 885 883 885 884 885 567 855 884 855 568 855 568 886 884 886 885 886 568 887 885 887 569 887 569 888 885 888 886 888 569 859 886 859 570 859 570 889 886 889 887 889 570 890 887 890 559 890 559 891 887 891 888 891 559 892 888 892 560 892 560 893 888 893 876 893 560 894 876 894 561 894 889 895 574 895 573 895 572 896 890 896 573 896 573 897 890 897 891 897 573 898 891 898 889 898 574 899 889 899 575 899 575 900 889 900 892 900 575 901 892 901 576 901 576 902 892 902 893 902 576 880 893 880 577 880 577 881 893 881 894 881 577 882 894 882 578 882 578 883 894 883 895 883 578 884 895 884 579 884 579 885 895 885 896 885 579 855 896 855 580 855 580 886 896 886 897 886 580 887 897 887 581 887 581 888 897 888 898 888 581 859 898 859 582 859 582 889 898 889 899 889 582 890 899 890 571 890 571 891 899 891 900 891 571 892 900 892 572 892 572 893 900 893 901 893 572 903 901 903 890 903 584 904 583 904 902 904 902 905 903 905 584 905 584 906 903 906 904 906 584 907 904 907 585 907 585 908 904 908 905 908 585 867 905 867 586 867 586 868 905 868 906 868 586 869 906 869 587 869 587 870 906 870 907 870 587 909 907 909 588 909 588 910 907 910 908 910 588 911 908 911 589 911 589 912 908 912 909 912 589 851 909 851 590 851 590 852 909 852 910 852 590 853 910 853 591 853 591 854 910 854 911 854 591 855 911 855 592 855 592 856 911 856 912 856 592 857 912 857 593 857 593 858 912 858 913 858 593 859 913 859 594 859 594 860 913 860 914 860 594 861 914 861 583 861 583 862 914 862 915 862 583 913 915 913 902 913 55 914 54 914 10 914 10 915 54 915 11 915 19 916 18 916 595 916 19 917 595 917 916 917 916 918 595 918 596 918 916 919 596 919 917 919 917 920 596 920 597 920 917 920 597 920 918 920 918 921 597 921 598 921 918 922 598 922 919 922 919 923 598 923 599 923 919 924 599 924 920 924 859 925 921 925 860 925 860 926 921 926 922 926 860 927 922 927 861 927 861 928 922 928 923 928 861 929 923 929 599 929 599 930 923 930 920 930 921 931 859 931 924 931 924 931 859 931 925 931 926 932 927 932 798 932 798 932 927 932 928 932 600 933 929 933 796 933 796 934 929 934 930 934 796 935 930 935 797 935 797 936 930 936 931 936 797 937 931 937 798 937 798 938 931 938 926 938 929 939 600 939 601 939 929 940 601 940 932 940 932 941 601 941 602 941 932 942 602 942 933 942 933 943 602 943 603 943 933 943 603 943 934 943 934 944 603 944 604 944 934 945 604 945 935 945 935 946 604 946 31 946 935 947 31 947 30 947 39 948 38 948 64 948 64 949 38 949 65 949 864 950 863 950 618 950 618 951 863 951 70 951 70 952 863 952 862 952 70 953 862 953 71 953 879 954 614 954 613 954 879 955 613 955 880 955 889 956 891 956 609 956 609 957 891 957 610 957 48 958 904 958 49 958 49 959 904 959 903 959 49 960 903 960 605 960 879 961 878 961 614 961 614 962 878 962 936 962 614 963 936 963 615 963 615 964 936 964 937 964 615 965 937 965 616 965 616 966 937 966 938 966 616 967 938 967 617 967 617 968 938 968 939 968 617 969 939 969 618 969 618 970 939 970 940 970 618 971 940 971 864 971 891 972 890 972 610 972 610 973 890 973 941 973 610 974 941 974 611 974 611 975 941 975 942 975 611 976 942 976 612 976 612 976 942 976 943 976 612 977 943 977 613 977 613 978 943 978 944 978 613 979 944 979 880 979 903 980 902 980 605 980 605 981 902 981 945 981 605 982 945 982 606 982 606 983 945 983 946 983 606 984 946 984 607 984 607 985 946 985 947 985 607 986 947 986 608 986 608 987 947 987 948 987 608 988 948 988 609 988 609 989 948 989 949 989 609 990 949 990 889 990 632 991 631 991 950 991 951 991 952 991 629 991 950 991 631 991 952 991 952 991 631 991 630 991 952 991 630 991 629 991 629 991 628 991 951 991 951 991 628 991 627 991 951 991 627 991 953 991 953 991 627 991 626 991 953 991 626 991 954 991 954 991 626 991 625 991 954 991 625 991 955 991 955 991 625 991 624 991 956 991 957 991 621 991 621 991 957 991 622 991 622 991 957 991 958 991 622 991 958 991 623 991 623 991 958 991 959 991 623 991 959 991 624 991 624 991 959 991 960 991 624 991 960 991 955 991 621 991 620 991 956 991 956 991 620 991 619 991 956 991 619 991 961 991 961 991 619 991 637 991 961 991 637 991 962 991 962 991 637 991 636 991 962 991 636 991 963 991 963 991 636 991 635 991 963 991 635 991 964 991 964 991 635 991 634 991 964 991 634 991 965 991 965 991 634 991 633 991 965 991 633 991 966 991 966 991 633 991 632 991 966 991 632 991 967 991 967 991 632 991 950 991 733 992 968 992 969 992 638 992 488 992 970 992 970 992 488 992 661 992 745 992 537 992 649 992 970 992 971 992 638 992 638 992 971 992 972 992 638 992 972 992 368 992 368 992 972 992 973 992 368 992 973 992 434 992 707 992 705 992 649 992 649 992 705 992 703 992 733 992 969 992 731 992 731 992 969 992 974 992 731 992 974 992 729 992 729 992 974 992 975 992 729 992 975 992 727 992 727 992 975 992 976 992 727 992 976 992 725 992 725 992 976 992 977 992 725 992 977 992 723 992 723 992 977 992 978 992 723 992 978 992 721 992 721 992 978 992 979 992 721 992 979 992 719 992 973 992 980 992 434 992 434 992 980 992 981 992 434 992 981 992 649 992 981 992 982 992 649 992 649 992 982 992 983 992 649 992 983 992 707 992 984 992 985 992 986 992 985 992 984 992 987 992 987 992 984 992 988 992 987 992 988 992 989 992 669 992 671 992 990 992 677 992 679 992 991 992 991 992 679 992 681 992 745 992 649 992 747 992 747 992 649 992 992 992 747 992 992 992 743 992 743 992 992 992 993 992 743 992 993 992 741 992 741 992 993 992 984 992 741 992 984 992 739 992 739 992 984 992 986 992 739 992 986 992 737 992 968 992 733 992 986 992 986 992 733 992 735 992 986 992 735 992 737 992 699 992 994 992 701 992 701 992 994 992 995 992 701 992 995 992 703 992 703 992 995 992 996 992 703 992 996 992 649 992 649 992 996 992 997 992 649 992 997 992 992 992 998 992 999 992 715 992 715 992 999 992 717 992 990 992 671 992 1000 992 1000 992 671 992 673 992 1000 992 673 992 991 992 991 992 673 992 675 992 991 992 675 992 677 992 719 992 979 992 689 992 689 992 979 992 1001 992 689 992 1001 992 691 992 691 992 1001 992 987 992 691 992 987 992 693 992 693 992 987 992 989 992 693 992 989 992 695 992 695 992 989 992 1002 992 695 992 1002 992 697 992 697 992 1002 992 1003 992 697 992 1003 992 699 992 699 992 1003 992 1004 992 699 992 1004 992 994 992 681 992 683 992 991 992 991 992 683 992 685 992 991 992 685 992 1005 992 1005 992 685 992 687 992 1005 992 687 992 1006 992 1006 992 687 992 717 992 1006 992 717 992 1007 992 1007 992 717 992 999 992 715 992 713 992 998 992 998 992 713 992 711 992 998 992 711 992 1008 992 983 992 1009 992 707 992 707 992 1009 992 1010 992 707 992 1010 992 709 992 709 992 1010 992 1011 992 709 992 1011 992 711 992 711 992 1011 992 1012 992 711 992 1012 992 1008 992 990 992 1013 992 669 992 669 992 1013 992 1014 992 669 992 1014 992 667 992 667 992 1014 992 1015 992 667 992 1015 992 665 992 665 992 1015 992 1008 992 665 992 1008 992 663 992 663 992 1008 992 1012 992 663 992 1012 992 657 992 657 992 1012 992 970 992 657 992 970 992 659 992 659 992 970 992 661 992 982 511 1016 511 983 511 983 511 1016 511 1017 511 983 510 1017 510 1009 510 1009 510 1017 510 1018 510 1009 993 1018 993 1010 993 1010 993 1018 993 1019 993 1010 508 1019 508 1011 508 1011 508 1019 508 1020 508 1011 507 1020 507 1012 507 1012 507 1020 507 1021 507 1012 506 1021 506 970 506 970 506 1021 506 1022 506 970 519 1022 519 971 519 971 519 1022 519 1023 519 971 516 1023 516 972 516 972 516 1023 516 1024 516 972 515 1024 515 973 515 973 515 1024 515 1025 515 973 994 1025 994 980 994 980 994 1025 994 1026 994 980 513 1026 513 981 513 981 513 1026 513 1027 513 981 518 1027 518 982 518 982 518 1027 518 1016 518 988 511 1028 511 989 511 989 511 1028 511 1029 511 989 510 1029 510 1002 510 1002 510 1029 510 1030 510 1002 995 1030 995 1003 995 1003 995 1030 995 1031 995 1003 508 1031 508 1004 508 1004 508 1031 508 1032 508 1004 507 1032 507 994 507 994 507 1032 507 1033 507 994 506 1033 506 995 506 995 506 1033 506 1034 506 995 519 1034 519 996 519 996 519 1034 519 1035 519 996 516 1035 516 997 516 997 516 1035 516 1036 516 997 515 1036 515 992 515 992 515 1036 515 1037 515 992 996 1037 996 993 996 993 996 1037 996 1038 996 993 513 1038 513 984 513 984 513 1038 513 1039 513 984 518 1039 518 988 518 988 518 1039 518 1028 518 1040 782 656 782 1041 782 1041 782 656 782 658 782 1041 783 658 783 1042 783 1042 783 658 783 660 783 1042 997 660 997 1043 997 1043 998 660 998 486 998 1043 786 486 786 485 786 656 999 1040 999 1044 999 656 999 1044 999 662 999 662 1000 1044 1000 1045 1000 662 1000 1045 1000 664 1000 664 1001 1045 1001 1046 1001 664 1001 1046 1001 666 1001 666 1002 1046 1002 1047 1002 666 1002 1047 1002 668 1002 668 1003 1047 1003 1048 1003 668 1003 1048 1003 670 1003 670 1004 1048 1004 1049 1004 670 1004 1049 1004 672 1004 672 1005 1049 1005 1050 1005 672 1005 1050 1005 674 1005 674 1006 1050 1006 1051 1006 674 1006 1051 1006 676 1006 676 1007 1051 1007 1052 1007 676 1007 1052 1007 678 1007 678 1008 1052 1008 1053 1008 678 1008 1053 1008 680 1008 680 1009 1053 1009 1054 1009 680 1009 1054 1009 682 1009 682 1010 1054 1010 1055 1010 682 1010 1055 1010 684 1010 684 1011 1055 1011 1056 1011 684 1011 1056 1011 686 1011 686 1012 1056 1012 716 1012 716 1012 1056 1012 1057 1012 716 1013 1057 1013 714 1013 714 1013 1057 1013 1058 1013 714 1014 1058 1014 712 1014 712 1014 1058 1014 1059 1014 712 1015 1059 1015 710 1015 710 1015 1059 1015 1060 1015 710 1016 1060 1016 708 1016 708 1016 1060 1016 1061 1016 708 1017 1061 1017 706 1017 706 1017 1061 1017 1062 1017 706 1018 1062 1018 704 1018 704 1018 1062 1018 1063 1018 704 369 1063 369 702 369 702 369 1063 369 1064 369 702 1019 1064 1019 700 1019 700 1019 1064 1019 1065 1019 700 1020 1065 1020 698 1020 698 1020 1065 1020 1066 1020 698 1021 1066 1021 696 1021 696 1021 1066 1021 1067 1021 696 1022 1067 1022 694 1022 694 1022 1067 1022 1068 1022 694 1023 1068 1023 692 1023 692 1023 1068 1023 1069 1023 692 1024 1069 1024 690 1024 690 1024 1069 1024 1070 1024 690 1025 1070 1025 688 1025 688 1025 1070 1025 1071 1025 688 1026 1071 1026 1072 1026 688 1026 1072 1026 718 1026 718 1027 1072 1027 1073 1027 718 1027 1073 1027 720 1027 720 1028 1073 1028 1074 1028 720 1028 1074 1028 722 1028 722 1029 1074 1029 1075 1029 722 1029 1075 1029 724 1029 724 1030 1075 1030 1076 1030 724 1030 1076 1030 726 1030 726 1031 1076 1031 1077 1031 726 1031 1077 1031 728 1031 728 1032 1077 1032 1078 1032 728 1032 1078 1032 730 1032 730 1033 1078 1033 1079 1033 730 1033 1079 1033 732 1033 732 1034 1079 1034 1080 1034 732 1034 1080 1034 734 1034 734 1035 1080 1035 1081 1035 734 1035 1081 1035 736 1035 736 1036 1081 1036 1082 1036 736 1036 1082 1036 738 1036 738 1037 1082 1037 1083 1037 738 1037 1083 1037 740 1037 740 1038 1083 1038 1084 1038 740 1038 1084 1038 742 1038 742 845 1084 845 746 845 746 845 1084 845 1085 845 746 844 1085 844 744 844 744 844 1085 844 1086 844 744 1039 1086 1039 539 1039 539 1040 1086 1040 1087 1040 539 841 1087 841 538 841 794 471 793 471 1088 471 774 471 762 471 773 471 773 471 762 471 772 471 787 471 801 471 788 471 788 471 801 471 800 471 788 471 800 471 789 471 789 471 800 471 799 471 789 471 799 471 802 471 786 471 1043 471 787 471 787 471 1043 471 485 471 787 471 485 471 801 471 769 471 759 471 758 471 786 471 785 471 1043 471 1043 471 785 471 784 471 1043 471 784 471 1088 471 1088 471 784 471 795 471 1088 471 795 471 794 471 793 471 792 471 1088 471 1088 471 792 471 781 471 1088 471 781 471 771 471 771 471 770 471 1088 471 1088 471 770 471 769 471 1088 471 769 471 928 471 928 471 769 471 758 471 928 471 758 471 757 471 751 471 750 471 760 471 760 471 750 471 749 471 760 471 749 471 766 471 766 471 749 471 748 471 766 471 748 471 765 471 765 471 748 471 759 471 765 471 759 471 768 471 768 471 759 471 769 471 762 471 763 471 772 471 772 471 763 471 764 471 772 471 764 471 778 471 778 471 764 471 767 471 778 471 767 471 777 471 777 471 767 471 771 471 777 471 771 471 780 471 780 471 771 471 781 471 757 471 756 471 928 471 928 471 756 471 755 471 928 471 755 471 798 471 798 471 755 471 754 471 802 471 803 471 751 471 754 471 753 471 798 471 798 471 753 471 752 471 798 471 752 471 492 471 492 471 752 471 751 471 492 471 751 471 804 471 804 471 751 471 803 471 789 471 776 471 790 471 790 471 776 471 779 471 790 471 779 471 791 471 791 471 779 471 783 471 791 471 783 471 792 471 792 471 783 471 782 471 792 471 782 471 781 471 760 471 761 471 751 471 751 471 761 471 762 471 751 471 762 471 802 471 802 471 762 471 774 471 802 471 774 471 789 471 789 471 774 471 775 471 789 471 775 471 776 471 853 436 538 436 1087 436 818 436 819 436 832 436 925 436 859 436 841 436 837 436 836 436 1089 436 1089 436 836 436 1087 436 818 436 832 436 817 436 844 436 843 436 859 436 859 436 843 436 842 436 859 436 842 436 841 436 841 436 852 436 925 436 925 436 852 436 851 436 925 436 851 436 850 436 825 436 829 436 826 436 826 436 829 436 840 436 826 436 840 436 925 436 925 436 840 436 839 436 925 436 839 436 1089 436 1089 436 839 436 838 436 1089 436 838 436 837 436 849 436 812 436 850 436 850 436 812 436 816 436 850 436 816 436 925 436 925 436 816 436 815 436 925 436 815 436 814 436 813 436 824 436 814 436 814 436 824 436 828 436 814 436 828 436 925 436 925 436 828 436 827 436 925 436 827 436 826 436 813 436 810 436 824 436 824 436 810 436 811 436 824 436 811 436 821 436 821 436 811 436 805 436 825 436 822 436 829 436 829 436 822 436 823 436 829 436 823 436 830 436 830 436 823 436 817 436 830 436 817 436 831 436 831 436 817 436 832 436 836 436 835 436 1087 436 1087 436 835 436 834 436 1087 436 834 436 853 436 853 436 834 436 833 436 853 436 833 436 854 436 854 436 833 436 832 436 854 436 832 436 855 436 855 436 832 436 819 436 855 436 819 436 856 436 856 436 819 436 820 436 856 436 820 436 821 436 805 436 806 436 821 436 821 436 806 436 807 436 821 436 807 436 856 436 856 436 807 436 846 436 856 436 846 436 858 436 858 436 846 436 845 436 858 436 845 436 857 436 857 436 845 436 844 436 857 436 844 436 544 436 544 436 844 436 859 436 849 436 848 436 812 436 812 436 848 436 847 436 812 436 847 436 809 436 809 436 847 436 846 436 809 436 846 436 808 436 808 436 846 436 807 436 874 992 71 992 875 992 875 992 71 992 862 992 893 992 913 992 916 992 916 992 913 992 912 992 873 992 67 992 874 992 874 992 67 992 69 992 874 992 69 992 71 992 924 992 927 992 898 992 898 992 897 992 924 992 924 992 897 992 896 992 924 992 896 992 921 992 902 992 915 992 945 992 945 992 915 992 914 992 945 992 914 992 946 992 946 992 914 992 913 992 946 992 913 992 947 992 947 992 913 992 893 992 947 992 893 992 948 992 948 992 893 992 892 992 948 992 892 992 949 992 949 992 892 992 889 992 30 992 33 992 872 992 872 992 33 992 35 992 872 992 871 992 30 992 30 992 871 992 870 992 30 992 870 992 935 992 935 992 870 992 869 992 935 992 869 992 934 992 876 992 888 992 932 992 886 992 885 992 927 992 927 992 885 992 884 992 927 992 884 992 898 992 898 992 884 992 883 992 898 992 883 992 899 992 899 992 883 992 882 992 894 992 920 992 895 992 895 992 920 992 923 992 895 992 923 992 896 992 896 992 923 992 922 992 896 992 922 992 921 992 909 992 13 992 15 992 35 992 37 992 872 992 872 992 37 992 39 992 872 992 39 992 873 992 873 992 39 992 64 992 873 992 64 992 67 992 868 992 867 992 876 992 936 992 878 992 877 992 869 992 868 992 934 992 934 992 868 992 876 992 934 992 876 992 933 992 933 992 876 992 932 992 916 992 917 992 893 992 893 992 917 992 918 992 893 992 918 992 894 992 894 992 918 992 919 992 894 992 919 992 920 992 912 992 911 992 916 992 916 992 911 992 910 992 916 992 910 992 19 992 19 992 910 992 909 992 19 992 909 992 17 992 17 992 909 992 15 992 13 992 909 992 10 992 10 992 909 992 908 992 10 992 908 992 55 992 55 992 908 992 907 992 55 992 907 992 53 992 53 992 907 992 906 992 53 992 906 992 51 992 51 992 906 992 48 992 48 992 906 992 905 992 48 992 905 992 904 992 927 992 926 992 886 992 886 992 926 992 931 992 886 992 931 992 887 992 887 992 931 992 930 992 887 992 930 992 888 992 888 992 930 992 929 992 888 992 929 992 932 992 890 992 901 992 941 992 941 992 901 992 900 992 941 992 900 992 942 992 942 992 900 992 899 992 942 992 899 992 943 992 943 992 899 992 882 992 943 992 882 992 944 992 944 992 882 992 881 992 944 992 881 992 880 992 936 992 877 992 937 992 937 992 877 992 876 992 937 992 876 992 938 992 938 992 876 992 867 992 938 992 867 992 939 992 939 992 867 992 866 992 939 992 866 992 940 992 940 992 866 992 865 992 940 992 865 992 864 992 961 261 1090 261 956 261 956 261 1090 261 1091 261 956 1041 1091 1041 1092 1041 956 1041 1092 1041 957 1041 957 1042 1092 1042 1093 1042 957 1042 1093 1042 958 1042 958 1043 1093 1043 1094 1043 958 1043 1094 1043 959 1043 959 1044 1094 1044 1095 1044 959 1044 1095 1044 960 1044 960 1045 1095 1045 1096 1045 960 1045 1096 1045 955 1045 955 1046 1096 1046 1097 1046 955 1046 1097 1046 954 1046 954 1047 1097 1047 1098 1047 954 1047 1098 1047 953 1047 953 1048 1098 1048 1099 1048 953 1048 1099 1048 951 1048 951 992 1099 992 952 992 952 992 1099 992 1100 992 952 1049 1100 1049 1101 1049 952 1049 1101 1049 950 1049 950 1050 1101 1050 1102 1050 950 1050 1102 1050 967 1050 967 1051 1102 1051 1103 1051 967 1051 1103 1051 966 1051 966 1052 1103 1052 1104 1052 966 1052 1104 1052 965 1052 965 1053 1104 1053 1105 1053 965 1053 1105 1053 964 1053 964 1054 1105 1054 1106 1054 964 1054 1106 1054 963 1054 963 1055 1106 1055 1107 1055 963 1055 1107 1055 962 1055 962 1056 1107 1056 1090 1056 962 1056 1090 1056 961 1056 999 511 1108 511 1007 511 1007 511 1108 511 1109 511 1007 510 1109 510 1006 510 1006 510 1109 510 1110 510 1006 509 1110 509 1005 509 1005 509 1110 509 1111 509 1005 508 1111 508 991 508 991 508 1111 508 1112 508 991 507 1112 507 1000 507 1000 507 1112 507 1113 507 1000 506 1113 506 990 506 990 506 1113 506 1114 506 990 519 1114 519 1013 519 1013 519 1114 519 1115 519 1013 516 1115 516 1014 516 1014 516 1115 516 1116 516 1014 515 1116 515 1015 515 1015 515 1116 515 1117 515 1015 514 1117 514 1008 514 1008 514 1117 514 1118 514 1008 513 1118 513 998 513 998 513 1118 513 1119 513 998 518 1119 518 999 518 999 518 1119 518 1108 518 975 511 1120 511 976 511 976 511 1120 511 1121 511 976 510 1121 510 977 510 977 510 1121 510 1122 510 977 509 1122 509 978 509 978 509 1122 509 1123 509 978 508 1123 508 979 508 979 508 1123 508 1124 508 979 507 1124 507 1001 507 1001 507 1124 507 1125 507 1001 506 1125 506 987 506 987 506 1125 506 1126 506 987 519 1126 519 985 519 985 519 1126 519 1127 519 985 516 1127 516 986 516 986 516 1127 516 1128 516 986 515 1128 515 968 515 968 515 1128 515 1129 515 968 514 1129 514 969 514 969 514 1129 514 1130 514 969 513 1130 513 974 513 974 513 1130 513 1131 513 974 518 1131 518 975 518 975 518 1131 518 1120 518 1017 1057 1132 1057 1018 1057 1018 1058 1132 1058 1133 1058 1018 1059 1133 1059 1019 1059 1019 1060 1133 1060 1134 1060 1019 1061 1134 1061 1020 1061 1020 1062 1134 1062 1135 1062 1020 1063 1135 1063 1021 1063 1021 1064 1135 1064 1136 1064 1021 1065 1136 1065 1022 1065 1022 1066 1136 1066 1137 1066 1022 1067 1137 1067 1023 1067 1023 1068 1137 1068 1138 1068 1023 1069 1138 1069 1024 1069 1024 1070 1138 1070 1139 1070 1024 1071 1139 1071 1025 1071 1025 1072 1139 1072 1140 1072 1025 1073 1140 1073 1026 1073 1026 1074 1140 1074 1141 1074 1026 1075 1141 1075 1027 1075 1027 1076 1141 1076 1142 1076 1027 1077 1142 1077 1016 1077 1016 1078 1142 1078 1143 1078 1016 1079 1143 1079 1017 1079 1017 1080 1143 1080 1132 1080 1029 1081 1144 1081 1030 1081 1030 1082 1144 1082 1145 1082 1030 1083 1145 1083 1031 1083 1031 1084 1145 1084 1146 1084 1031 1061 1146 1061 1032 1061 1032 1085 1146 1085 1147 1085 1032 1086 1147 1086 1033 1086 1033 1087 1147 1087 1148 1087 1033 1088 1148 1088 1034 1088 1034 1089 1148 1089 1149 1089 1034 1090 1149 1090 1035 1090 1035 1091 1149 1091 1150 1091 1035 1092 1150 1092 1036 1092 1036 1093 1150 1093 1151 1093 1036 1094 1151 1094 1037 1094 1037 1095 1151 1095 1152 1095 1037 1096 1152 1096 1038 1096 1038 1097 1152 1097 1153 1097 1038 1098 1153 1098 1039 1098 1039 1099 1153 1099 1154 1099 1039 1100 1154 1100 1028 1100 1028 1101 1154 1101 1155 1101 1028 1079 1155 1079 1029 1079 1029 1102 1155 1102 1144 1102 1088 1103 1156 1103 1043 1103 1043 1103 1156 1103 1157 1103 1043 1104 1157 1104 1042 1104 1042 1105 1157 1105 1158 1105 1042 1106 1158 1106 1041 1106 1041 1107 1158 1107 1159 1107 1041 1108 1159 1108 1040 1108 1040 1109 1159 1109 1160 1109 1161 1110 1049 1110 1048 1110 1161 1111 1048 1111 1162 1111 1162 1112 1048 1112 1047 1112 1162 1113 1047 1113 1163 1113 1163 1114 1047 1114 1046 1114 1163 1115 1046 1115 1164 1115 1164 1116 1046 1116 1045 1116 1164 1117 1045 1117 1165 1117 1165 1118 1045 1118 1044 1118 1165 1119 1044 1119 1166 1119 1166 1120 1044 1120 1040 1120 1166 1121 1040 1121 1160 1121 1167 1122 1056 1122 1055 1122 1167 1123 1055 1123 1168 1123 1168 1124 1055 1124 1054 1124 1168 1125 1054 1125 1169 1125 1169 1126 1054 1126 1053 1126 1169 1127 1053 1127 1170 1127 1170 1128 1053 1128 1052 1128 1170 1129 1052 1129 1171 1129 1171 1130 1052 1130 1051 1130 1171 1131 1051 1131 1172 1131 1172 1132 1051 1132 1050 1132 1172 1133 1050 1133 1173 1133 1173 1134 1050 1134 1049 1134 1173 1135 1049 1135 1161 1135 1056 1136 1167 1136 1057 1136 1057 1137 1167 1137 1174 1137 1057 1138 1174 1138 1058 1138 1058 1139 1174 1139 1175 1139 1058 1140 1175 1140 1059 1140 1059 1141 1175 1141 1176 1141 1059 1142 1176 1142 1060 1142 1060 1143 1176 1143 1177 1143 1060 1144 1177 1144 1061 1144 1061 1145 1177 1145 1178 1145 1061 1146 1178 1146 1062 1146 1062 1147 1178 1147 1179 1147 1062 1148 1179 1148 1063 1148 1063 1149 1179 1149 1180 1149 1063 1150 1180 1150 1064 1150 1064 1150 1180 1150 1181 1150 1064 1151 1181 1151 1065 1151 1065 1152 1181 1152 1182 1152 1065 1153 1182 1153 1066 1153 1066 1154 1182 1154 1183 1154 1066 1155 1183 1155 1067 1155 1067 1156 1183 1156 1184 1156 1067 1157 1184 1157 1068 1157 1068 1158 1184 1158 1185 1158 1068 1159 1185 1159 1069 1159 1069 1160 1185 1160 1186 1160 1069 1161 1186 1161 1070 1161 1070 1162 1186 1162 1187 1162 1070 1163 1187 1163 1071 1163 1071 1164 1187 1164 1188 1164 1189 1165 1078 1165 1077 1165 1189 1166 1077 1166 1190 1166 1190 1167 1077 1167 1076 1167 1190 1168 1076 1168 1191 1168 1191 1169 1076 1169 1075 1169 1191 1170 1075 1170 1192 1170 1192 1171 1075 1171 1074 1171 1192 1172 1074 1172 1193 1172 1193 1173 1074 1173 1073 1173 1193 1174 1073 1174 1194 1174 1194 1175 1073 1175 1072 1175 1194 1176 1072 1176 1195 1176 1195 1177 1072 1177 1071 1177 1195 1178 1071 1178 1188 1178 1196 1179 1084 1179 1083 1179 1196 1180 1083 1180 1197 1180 1197 1181 1083 1181 1082 1181 1197 1182 1082 1182 1198 1182 1198 1183 1082 1183 1081 1183 1198 1184 1081 1184 1199 1184 1199 1185 1081 1185 1080 1185 1199 1186 1080 1186 1200 1186 1200 1187 1080 1187 1079 1187 1200 1188 1079 1188 1201 1188 1201 1189 1079 1189 1078 1189 1201 1190 1078 1190 1189 1190 1084 1191 1196 1191 1085 1191 1085 1192 1196 1192 1202 1192 1085 1193 1202 1193 1086 1193 1086 1194 1202 1194 1203 1194 1086 1195 1203 1195 1087 1195 1087 1196 1203 1196 1204 1196 1089 1197 1087 1197 1205 1197 1205 1197 1087 1197 1204 1197 1205 991 1156 991 1091 991 927 991 924 991 1100 991 925 991 1102 991 924 991 924 991 1102 991 1101 991 924 991 1101 991 1100 991 1088 991 1093 991 1156 991 1156 991 1093 991 1092 991 1156 991 1092 991 1091 991 1091 991 1090 991 1205 991 1205 991 1090 991 1107 991 1205 991 1107 991 1089 991 1089 991 1107 991 1106 991 1106 991 1105 991 1089 991 1089 991 1105 991 1206 991 1089 991 1206 991 925 991 925 991 1206 991 1103 991 925 991 1103 991 1102 991 1100 991 1099 991 927 991 927 991 1099 991 1098 991 927 991 1098 991 928 991 928 991 1098 991 1097 991 1097 991 1096 991 928 991 928 991 1096 991 1207 991 928 991 1207 991 1088 991 1088 991 1207 991 1094 991 1088 991 1094 991 1093 991 1112 1198 1208 1198 1113 1198 1113 1199 1208 1199 1209 1199 1113 1088 1209 1088 1114 1088 1114 1200 1209 1200 1210 1200 1114 1201 1210 1201 1115 1201 1115 1202 1210 1202 1211 1202 1115 1092 1211 1092 1116 1092 1116 1093 1211 1093 1212 1093 1116 1203 1212 1203 1117 1203 1117 1204 1212 1204 1213 1204 1117 1205 1213 1205 1118 1205 1118 1206 1213 1206 1214 1206 1118 1098 1214 1098 1119 1098 1119 1099 1214 1099 1215 1099 1119 1100 1215 1100 1108 1100 1108 1101 1215 1101 1216 1101 1108 1079 1216 1079 1109 1079 1109 1102 1216 1102 1217 1102 1109 1081 1217 1081 1110 1081 1110 1207 1217 1207 1218 1207 1110 1208 1218 1208 1111 1208 1111 1209 1218 1209 1219 1209 1111 1061 1219 1061 1112 1061 1112 1210 1219 1210 1208 1210 1121 1211 1220 1211 1122 1211 1122 1212 1220 1212 1221 1212 1122 1208 1221 1208 1123 1208 1123 1209 1221 1209 1222 1209 1123 1061 1222 1061 1124 1061 1124 1210 1222 1210 1223 1210 1124 1198 1223 1198 1125 1198 1125 1199 1223 1199 1224 1199 1125 1088 1224 1088 1126 1088 1126 1213 1224 1213 1225 1213 1126 1214 1225 1214 1127 1214 1127 1215 1225 1215 1226 1215 1127 1092 1226 1092 1128 1092 1128 1092 1226 1092 1227 1092 1128 1216 1227 1216 1129 1216 1129 1217 1227 1217 1228 1217 1129 1205 1228 1205 1130 1205 1130 1218 1228 1218 1229 1218 1130 1219 1229 1219 1131 1219 1131 1220 1229 1220 1230 1220 1131 1221 1230 1221 1120 1221 1120 1222 1230 1222 1231 1222 1120 1223 1231 1223 1121 1223 1121 1224 1231 1224 1220 1224 1222 261 1221 261 1192 261 1142 261 1141 261 1205 261 1205 261 1141 261 1156 261 1192 261 1221 261 1191 261 1191 261 1221 261 1220 261 1191 261 1220 261 1190 261 1190 261 1220 261 1231 261 1190 261 1231 261 1189 261 1189 261 1231 261 1230 261 1189 261 1230 261 1201 261 1187 261 1225 261 1188 261 1188 261 1225 261 1224 261 1188 261 1224 261 1195 261 1195 261 1224 261 1223 261 1195 261 1223 261 1194 261 1194 261 1223 261 1222 261 1194 261 1222 261 1193 261 1193 261 1222 261 1192 261 1180 261 1179 261 1133 261 1185 261 1184 261 1146 261 1143 261 1203 261 1152 261 1152 261 1203 261 1153 261 1230 261 1229 261 1201 261 1201 261 1229 261 1228 261 1201 261 1228 261 1200 261 1200 261 1228 261 1227 261 1200 261 1227 261 1144 261 1203 261 1202 261 1153 261 1153 261 1202 261 1196 261 1153 261 1196 261 1154 261 1154 261 1196 261 1197 261 1154 261 1197 261 1155 261 1155 261 1197 261 1198 261 1155 261 1198 261 1144 261 1144 261 1198 261 1199 261 1144 261 1199 261 1200 261 1142 261 1205 261 1143 261 1143 261 1205 261 1204 261 1143 261 1204 261 1203 261 1177 261 1216 261 1215 261 1163 261 1164 261 1213 261 1177 261 1176 261 1216 261 1216 261 1176 261 1175 261 1216 261 1175 261 1217 261 1146 261 1184 261 1147 261 1147 261 1184 261 1183 261 1147 261 1183 261 1148 261 1139 261 1138 261 1214 261 1214 261 1138 261 1137 261 1214 261 1137 261 1136 261 1139 261 1159 261 1158 261 1217 261 1175 261 1218 261 1218 261 1175 261 1174 261 1218 261 1174 261 1219 261 1219 261 1174 261 1167 261 1219 261 1167 261 1208 261 1146 261 1145 261 1185 261 1185 261 1145 261 1144 261 1185 261 1144 261 1186 261 1186 261 1144 261 1227 261 1186 261 1227 261 1187 261 1187 261 1227 261 1226 261 1187 261 1226 261 1225 261 1213 261 1164 261 1214 261 1141 261 1140 261 1156 261 1156 261 1140 261 1139 261 1156 261 1139 261 1157 261 1157 261 1139 261 1158 261 1213 261 1212 261 1163 261 1163 261 1212 261 1211 261 1163 261 1211 261 1162 261 1162 261 1211 261 1210 261 1162 261 1210 261 1161 261 1161 261 1210 261 1209 261 1161 261 1209 261 1173 261 1173 261 1209 261 1208 261 1173 261 1208 261 1172 261 1172 261 1208 261 1171 261 1148 261 1183 261 1149 261 1149 261 1183 261 1182 261 1149 261 1182 261 1181 261 1152 261 1151 261 1143 261 1143 261 1151 261 1150 261 1143 261 1150 261 1132 261 1132 261 1150 261 1149 261 1132 261 1149 261 1133 261 1133 261 1149 261 1181 261 1133 261 1181 261 1180 261 1215 261 1214 261 1177 261 1177 261 1214 261 1136 261 1177 261 1136 261 1178 261 1178 261 1136 261 1135 261 1178 261 1135 261 1179 261 1179 261 1135 261 1134 261 1179 261 1134 261 1133 261 1170 261 1171 261 1169 261 1169 261 1171 261 1208 261 1169 261 1208 261 1168 261 1168 261 1208 261 1167 261 1164 261 1165 261 1214 261 1214 261 1165 261 1166 261 1214 261 1166 261 1139 261 1139 261 1166 261 1160 261 1139 261 1160 261 1159 261 1232 1225 1233 1225 1234 1225 1234 1226 1233 1226 1235 1226 1233 1226 1236 1226 1235 1226 1235 1227 1236 1227 1237 1227 1235 1227 1237 1227 1238 1227 1238 1228 1237 1228 1239 1228 1238 1228 1239 1228 1240 1228 1240 1229 1239 1229 1241 1229 1240 1229 1241 1229 1242 1229 1242 1230 1241 1230 1243 1230 1242 1230 1243 1230 1244 1230 1244 1231 1243 1231 1245 1231 1244 1231 1245 1231 1246 1231 1246 1232 1245 1232 1247 1232 1246 1232 1247 1232 1248 1232 1248 1233 1247 1233 1249 1233 1248 1233 1249 1233 1250 1233 1250 1234 1249 1234 1251 1234 1250 1234 1251 1234 1252 1234 1252 1235 1251 1235 1253 1235 1252 1235 1253 1235 1254 1235 1254 1236 1253 1236 1255 1236 1254 1236 1255 1236 1256 1236 1256 1237 1255 1237 1257 1237 1256 1237 1257 1237 1258 1237 1258 1238 1257 1238 1259 1238 1258 1238 1259 1238 1260 1238 1260 1239 1259 1239 1261 1239 1260 1239 1261 1239 1262 1239 1262 1240 1261 1240 1263 1240 1262 1240 1263 1240 1264 1240 1264 1241 1263 1241 1265 1241 1264 1241 1265 1241 1266 1241 1266 1242 1265 1242 1267 1242 1266 1242 1267 1242 1268 1242 1268 1243 1267 1243 1269 1243 1268 1243 1269 1243 1270 1243 1270 1244 1269 1244 1271 1244 1270 1244 1271 1244 1272 1244 1272 1245 1271 1245 1273 1245 1272 1245 1273 1245 1274 1245 1274 1246 1273 1246 1275 1246 1274 1246 1275 1246 1276 1246 1276 1247 1275 1247 1277 1247 1276 1247 1277 1247 1278 1247 1278 1248 1277 1248 1279 1248 1278 1248 1279 1248 1280 1248 1280 1249 1279 1249 1281 1249 1280 1249 1281 1249 1282 1249 1282 1250 1281 1250 1283 1250 1282 1250 1283 1250 1284 1250 1284 1251 1283 1251 1285 1251 1284 1251 1285 1251 1286 1251 1286 1252 1285 1252 1287 1252 1286 1252 1287 1252 1288 1252 1288 1253 1287 1253 1289 1253 1288 1253 1289 1253 1290 1253 1290 1254 1289 1254 1232 1254 1290 1254 1232 1254 1291 1254 1291 1225 1232 1225 1234 1225 1292 1255 1293 1255 1294 1255 1294 1256 1293 1256 1295 1256 1293 1256 1296 1256 1295 1256 1295 1257 1296 1257 1297 1257 1295 1257 1297 1257 1298 1257 1298 1258 1297 1258 1299 1258 1298 1258 1299 1258 1300 1258 1300 1259 1299 1259 1301 1259 1300 1259 1301 1259 1302 1259 1302 1260 1301 1260 1303 1260 1302 1260 1303 1260 1304 1260 1304 1261 1303 1261 1305 1261 1304 1261 1305 1261 1306 1261 1306 1262 1305 1262 1307 1262 1306 1262 1307 1262 1308 1262 1308 1263 1307 1263 1309 1263 1308 1263 1309 1263 1310 1263 1310 1264 1309 1264 1311 1264 1310 1264 1311 1264 1312 1264 1312 1265 1311 1265 1313 1265 1312 1265 1313 1265 1314 1265 1314 1266 1313 1266 1315 1266 1314 1266 1315 1266 1316 1266 1316 1267 1315 1267 1317 1267 1316 1267 1317 1267 1318 1267 1318 1268 1317 1268 1319 1268 1318 1268 1319 1268 1320 1268 1320 1269 1319 1269 1321 1269 1320 1269 1321 1269 1322 1269 1322 1270 1321 1270 1323 1270 1322 1270 1323 1270 1324 1270 1324 1271 1323 1271 1325 1271 1324 1271 1325 1271 1326 1271 1326 1272 1325 1272 1327 1272 1326 1272 1327 1272 1328 1272 1328 1273 1327 1273 1329 1273 1328 1273 1329 1273 1330 1273 1330 1274 1329 1274 1331 1274 1330 1274 1331 1274 1332 1274 1332 1275 1331 1275 1333 1275 1332 1275 1333 1275 1334 1275 1334 1276 1333 1276 1335 1276 1334 1276 1335 1276 1336 1276 1336 1277 1335 1277 1337 1277 1336 1277 1337 1277 1338 1277 1338 1278 1337 1278 1339 1278 1338 1278 1339 1278 1340 1278 1340 1279 1339 1279 1341 1279 1340 1279 1341 1279 1342 1279 1342 1280 1341 1280 1343 1280 1342 1280 1343 1280 1344 1280 1344 1281 1343 1281 1345 1281 1344 1281 1345 1281 1346 1281 1346 1282 1345 1282 1347 1282 1346 1282 1347 1282 1348 1282 1348 1283 1347 1283 1349 1283 1348 1283 1349 1283 1350 1283 1350 1284 1349 1284 1351 1284 1350 1284 1351 1284 1352 1284 1352 1285 1351 1285 1353 1285 1352 1285 1353 1285 1354 1285 1354 1286 1353 1286 1355 1286 1354 1286 1355 1286 1356 1286 1356 1287 1355 1287 1357 1287 1356 1287 1357 1287 1358 1287 1358 1288 1357 1288 1292 1288 1358 1288 1292 1288 1359 1288 1359 1255 1292 1255 1294 1255 1259 1289 1331 1289 1261 1289 1261 1289 1331 1289 1329 1289 1261 1289 1329 1289 1263 1289 1263 1289 1329 1289 1327 1289 1263 1289 1327 1289 1265 1289 1265 1289 1327 1289 1325 1289 1265 1289 1325 1289 1267 1289 1267 1289 1325 1289 1323 1289 1267 1289 1323 1289 1269 1289 1269 1289 1323 1289 1321 1289 1269 1289 1321 1289 1271 1289 1271 1289 1321 1289 1319 1289 1271 1289 1319 1289 1273 1289 1245 1289 1347 1289 1247 1289 1247 1289 1347 1289 1345 1289 1247 1289 1345 1289 1249 1289 1249 1289 1345 1289 1343 1289 1249 1289 1343 1289 1251 1289 1251 1289 1343 1289 1341 1289 1251 1289 1341 1289 1253 1289 1253 1289 1341 1289 1339 1289 1253 1289 1339 1289 1255 1289 1255 1289 1339 1289 1337 1289 1255 1289 1337 1289 1257 1289 1257 1289 1337 1289 1335 1289 1257 1289 1335 1289 1259 1289 1259 1289 1335 1289 1333 1289 1259 1289 1333 1289 1331 1289 1319 1289 1317 1289 1273 1289 1273 1289 1317 1289 1315 1289 1273 1289 1315 1289 1275 1289 1275 1289 1315 1289 1313 1289 1275 1289 1313 1289 1277 1289 1277 1289 1313 1289 1311 1289 1277 1289 1311 1289 1279 1289 1279 1289 1311 1289 1309 1289 1279 1289 1309 1289 1281 1289 1281 1289 1309 1289 1307 1289 1281 1289 1307 1289 1283 1289 1283 1289 1307 1289 1305 1289 1283 1289 1305 1289 1285 1289 1285 1289 1305 1289 1303 1289 1285 1289 1303 1289 1287 1289 1287 1289 1303 1289 1301 1289 1287 1289 1301 1289 1289 1289 1301 1289 1299 1289 1289 1289 1289 1289 1299 1289 1297 1289 1289 1289 1297 1289 1232 1289 1232 1289 1297 1289 1296 1289 1232 1289 1296 1289 1233 1289 1233 1289 1296 1289 1293 1289 1233 1289 1293 1289 1236 1289 1236 1289 1293 1289 1292 1289 1236 1289 1292 1289 1237 1289 1237 1289 1292 1289 1357 1289 1237 1289 1357 1289 1239 1289 1239 1289 1357 1289 1355 1289 1239 1289 1355 1289 1241 1289 1241 1289 1355 1289 1353 1289 1241 1289 1353 1289 1243 1289 1243 1289 1353 1289 1351 1289 1243 1289 1351 1289 1245 1289 1245 1289 1351 1289 1349 1289 1245 1289 1349 1289 1347 1289 1360 1290 1361 1290 1362 1290 1362 1290 1361 1290 1363 1290 1362 1290 1363 1290 1364 1290 1364 1290 1363 1290 1365 1290 1364 1290 1365 1290 1366 1290 1367 1290 1368 1290 1369 1290 1369 1290 1368 1290 1370 1290 1369 1290 1370 1290 1371 1290 1371 1290 1370 1290 1372 1290 1371 1290 1372 1290 1373 1290 1373 1290 1372 1290 1374 1290 1373 1290 1374 1290 1375 1290 1375 1290 1374 1290 1376 1290 1375 1290 1376 1290 1377 1290 1377 1290 1376 1290 1378 1290 1377 1290 1378 1290 1379 1290 1379 1290 1378 1290 1380 1290 1379 1290 1380 1290 1381 1290 1381 1290 1380 1290 1382 1290 1381 1290 1382 1290 1383 1290 1383 1290 1382 1290 1384 1290 1383 1290 1384 1290 1385 1290 1385 1290 1384 1290 1386 1290 1385 1290 1386 1290 1387 1290 1387 1290 1386 1290 1388 1290 1387 1290 1388 1290 1389 1290 1389 1290 1388 1290 1390 1290 1389 1290 1390 1290 1360 1290 1360 1290 1390 1290 1391 1290 1360 1290 1391 1290 1361 1290 1366 1290 1365 1290 1392 1290 1392 1290 1365 1290 1393 1290 1392 1290 1393 1290 1394 1290 1394 1290 1393 1290 1395 1290 1394 1290 1395 1290 1396 1290 1396 1290 1395 1290 1397 1290 1396 1290 1397 1290 1398 1290 1398 1290 1397 1290 1399 1290 1398 1290 1399 1290 1400 1290 1400 1290 1399 1290 1401 1290 1400 1290 1401 1290 1402 1290 1402 1290 1401 1290 1403 1290 1402 1290 1403 1290 1404 1290 1404 1290 1403 1290 1405 1290 1404 1290 1405 1290 1406 1290 1406 1290 1405 1290 1407 1290 1406 1290 1407 1290 1408 1290 1408 1290 1407 1290 1409 1290 1408 1290 1409 1290 1410 1290 1409 1290 1411 1290 1410 1290 1410 1290 1411 1290 1412 1290 1410 1290 1412 1290 1413 1290 1413 1290 1412 1290 1414 1290 1413 1290 1414 1290 1415 1290 1415 1290 1414 1290 1416 1290 1415 1290 1416 1290 1417 1290 1417 1290 1416 1290 1418 1290 1417 1290 1418 1290 1419 1290 1419 1290 1418 1290 1420 1290 1419 1290 1420 1290 1421 1290 1421 1290 1420 1290 1422 1290 1421 1290 1422 1290 1423 1290 1423 1290 1422 1290 1424 1290 1423 1290 1424 1290 1425 1290 1425 1290 1424 1290 1426 1290 1425 1290 1426 1290 1427 1290 1427 1290 1426 1290 1428 1290 1427 1290 1428 1290 1429 1290 1429 1290 1428 1290 1430 1290 1429 1290 1430 1290 1431 1290 1431 1290 1430 1290 1432 1290 1431 1290 1432 1290 1367 1290 1367 1290 1432 1290 1433 1290 1367 1290 1433 1290 1368 1290 1434 1291 1363 1291 1361 1291 1434 1292 1435 1292 1436 1292 1434 1292 1437 1292 1438 1292 1363 1292 1439 1292 1440 1292 1430 1293 1441 1293 1442 1293 1443 1293 1444 1293 1445 1293 1446 1294 1447 1294 1448 1294 1446 1294 1449 1294 1450 1294 1446 1294 1451 1294 1447 1294 1447 1293 1451 1293 1443 1293 1447 1293 1443 1293 1448 1293 1448 1293 1443 1293 1445 1293 1448 1294 1445 1294 1446 1294 1446 1294 1445 1294 1444 1294 1446 1294 1444 1294 1449 1294 1449 1293 1444 1293 1443 1293 1449 1293 1443 1293 1450 1293 1450 1293 1443 1293 1452 1293 1450 1294 1452 1294 1446 1294 1430 1293 1428 1293 1441 1293 1441 1294 1428 1294 1426 1294 1441 1294 1426 1294 1442 1294 1442 1294 1426 1294 1453 1294 1442 1293 1453 1293 1430 1293 1434 1291 1361 1291 1454 1291 1454 1295 1361 1295 1391 1295 1454 1295 1391 1295 1455 1295 1455 1296 1391 1296 1390 1296 1455 1296 1390 1296 1456 1296 1456 1297 1390 1297 1388 1297 1456 1297 1388 1297 1457 1297 1457 1298 1388 1298 1386 1298 1457 1298 1386 1298 1458 1298 1458 1299 1386 1299 1384 1299 1458 1299 1384 1299 1459 1299 1459 1300 1384 1300 1382 1300 1459 1300 1382 1300 1460 1300 1460 1301 1382 1301 1380 1301 1460 1301 1380 1301 1461 1301 1461 1302 1380 1302 1378 1302 1461 1302 1378 1302 1462 1302 1462 1303 1378 1303 1376 1303 1462 1303 1376 1303 1463 1303 1463 1304 1376 1304 1374 1304 1463 1304 1374 1304 1464 1304 1464 1305 1374 1305 1372 1305 1464 1305 1372 1305 1465 1305 1465 1306 1372 1306 1370 1306 1465 1306 1370 1306 1466 1306 1466 1307 1370 1307 1368 1307 1466 1307 1368 1307 1467 1307 1467 1308 1368 1308 1433 1308 1467 1308 1433 1308 1468 1308 1468 1309 1433 1309 1432 1309 1468 1309 1432 1309 1469 1309 1469 1310 1432 1310 1430 1310 1469 1310 1430 1310 1443 1310 1443 1293 1430 1293 1453 1293 1443 1293 1453 1293 1452 1293 1452 1294 1453 1294 1426 1294 1452 1294 1426 1294 1446 1294 1446 1311 1426 1311 1424 1311 1446 1311 1424 1311 1470 1311 1470 1312 1424 1312 1422 1312 1470 1312 1422 1312 1471 1312 1471 1313 1422 1313 1420 1313 1471 1313 1420 1313 1472 1313 1472 1314 1420 1314 1418 1314 1472 1314 1418 1314 1473 1314 1473 1315 1418 1315 1416 1315 1473 1315 1416 1315 1474 1315 1474 1316 1416 1316 1414 1316 1474 1316 1414 1316 1475 1316 1475 1317 1414 1317 1412 1317 1475 1317 1412 1317 1476 1317 1476 1318 1412 1318 1411 1318 1476 1318 1411 1318 1477 1318 1477 1319 1411 1319 1409 1319 1477 1319 1409 1319 1478 1319 1478 1320 1409 1320 1407 1320 1478 1320 1407 1320 1479 1320 1479 1321 1407 1321 1405 1321 1479 1321 1405 1321 1480 1321 1480 1322 1405 1322 1403 1322 1480 1322 1403 1322 1481 1322 1481 1323 1403 1323 1401 1323 1481 1323 1401 1323 1482 1323 1482 1324 1401 1324 1399 1324 1482 1324 1399 1324 1483 1324 1483 1325 1399 1325 1397 1325 1483 1325 1397 1325 1484 1325 1484 1326 1397 1326 1395 1326 1484 1326 1395 1326 1485 1326 1485 1327 1395 1327 1393 1327 1485 1327 1393 1327 1486 1327 1393 1328 1487 1328 1486 1328 1486 1328 1487 1328 1488 1328 1486 1328 1488 1328 1489 1328 1486 1328 1490 1328 1491 1328 1435 1328 1486 1328 1436 1328 1436 1328 1486 1328 1491 1328 1436 1292 1491 1292 1434 1292 1434 1292 1491 1292 1490 1292 1434 1292 1490 1292 1437 1292 1437 1328 1490 1328 1486 1328 1437 1328 1486 1328 1438 1328 1438 1328 1486 1328 1489 1328 1438 1292 1489 1292 1434 1292 1434 1292 1489 1292 1488 1292 1434 1292 1488 1292 1363 1292 1363 1292 1488 1292 1487 1292 1363 1292 1487 1292 1439 1292 1439 1328 1487 1328 1393 1328 1439 1328 1393 1328 1440 1328 1440 1328 1393 1328 1365 1328 1440 1292 1365 1292 1363 1292 1310 1289 1463 1289 1308 1289 1308 1289 1463 1289 1464 1289 1308 1289 1464 1289 1306 1289 1306 1289 1464 1289 1465 1289 1306 1289 1465 1289 1304 1289 1304 1289 1465 1289 1466 1289 1304 1289 1466 1289 1302 1289 1302 1289 1466 1289 1467 1289 1302 1289 1467 1289 1300 1289 1300 1289 1467 1289 1468 1289 1300 1289 1468 1289 1298 1289 1298 1289 1468 1289 1469 1289 1298 1289 1469 1289 1295 1289 1295 1289 1469 1289 1443 1289 1295 1289 1443 1289 1294 1289 1294 1289 1443 1289 1451 1289 1294 1289 1451 1289 1359 1289 1359 1289 1451 1289 1446 1289 1359 1289 1446 1289 1358 1289 1358 1289 1446 1289 1470 1289 1358 1289 1470 1289 1356 1289 1356 1289 1470 1289 1471 1289 1356 1289 1471 1289 1354 1289 1354 1289 1471 1289 1472 1289 1354 1289 1472 1289 1352 1289 1352 1289 1472 1289 1473 1289 1352 1289 1473 1289 1350 1289 1350 1289 1473 1289 1474 1289 1350 1289 1474 1289 1348 1289 1322 1289 1456 1289 1320 1289 1320 1289 1456 1289 1457 1289 1320 1289 1457 1289 1318 1289 1318 1289 1457 1289 1458 1289 1318 1289 1458 1289 1316 1289 1316 1289 1458 1289 1459 1289 1316 1289 1459 1289 1314 1289 1314 1289 1459 1289 1460 1289 1314 1289 1460 1289 1312 1289 1312 1289 1460 1289 1461 1289 1312 1289 1461 1289 1310 1289 1310 1289 1461 1289 1462 1289 1310 1289 1462 1289 1463 1289 1336 1289 1483 1289 1334 1289 1334 1289 1483 1289 1484 1289 1334 1289 1484 1289 1332 1289 1332 1289 1484 1289 1485 1289 1332 1289 1485 1289 1330 1289 1330 1289 1485 1289 1486 1289 1330 1289 1486 1289 1328 1289 1328 1289 1486 1289 1435 1289 1328 1289 1435 1289 1326 1289 1326 1289 1435 1289 1434 1289 1326 1289 1434 1289 1324 1289 1324 1289 1434 1289 1454 1289 1324 1289 1454 1289 1322 1289 1322 1289 1454 1289 1455 1289 1322 1289 1455 1289 1456 1289 1474 1289 1475 1289 1348 1289 1348 1289 1475 1289 1476 1289 1348 1289 1476 1289 1346 1289 1346 1289 1476 1289 1477 1289 1346 1289 1477 1289 1344 1289 1344 1289 1477 1289 1478 1289 1344 1289 1478 1289 1342 1289 1342 1289 1478 1289 1479 1289 1342 1289 1479 1289 1340 1289 1340 1289 1479 1289 1480 1289 1340 1289 1480 1289 1338 1289 1338 1289 1480 1289 1481 1289 1338 1289 1481 1289 1336 1289 1336 1289 1481 1289 1482 1289 1336 1289 1482 1289 1483 1289 1492 1329 1415 1329 1417 1329 1493 1330 1413 1330 1415 1330 1492 1329 1417 1329 1494 1329 1494 1331 1417 1331 1419 1331 1494 1331 1419 1331 1495 1331 1495 1332 1419 1332 1421 1332 1495 1332 1421 1332 1496 1332 1496 1333 1421 1333 1423 1333 1496 1333 1423 1333 1497 1333 1497 1334 1423 1334 1425 1334 1497 1334 1425 1334 1498 1334 1498 1335 1425 1335 1427 1335 1498 1335 1427 1335 1499 1335 1499 1336 1427 1336 1429 1336 1499 1336 1429 1336 1500 1336 1500 1337 1429 1337 1431 1337 1500 1337 1431 1337 1501 1337 1501 1338 1431 1338 1367 1338 1501 1338 1367 1338 1502 1338 1502 1339 1367 1339 1369 1339 1502 1339 1369 1339 1503 1339 1503 1340 1369 1340 1371 1340 1503 1340 1371 1340 1504 1340 1504 1341 1371 1341 1373 1341 1504 1341 1373 1341 1505 1341 1505 1342 1373 1342 1375 1342 1505 1342 1375 1342 1506 1342 1506 1343 1375 1343 1377 1343 1506 1343 1377 1343 1507 1343 1507 1344 1377 1344 1379 1344 1507 1344 1379 1344 1508 1344 1508 1345 1379 1345 1381 1345 1508 1345 1381 1345 1509 1345 1509 1346 1381 1346 1383 1346 1509 1346 1383 1346 1510 1346 1510 1347 1383 1347 1385 1347 1510 1347 1385 1347 1511 1347 1511 1348 1385 1348 1387 1348 1511 1348 1387 1348 1512 1348 1512 1349 1387 1349 1389 1349 1512 1349 1389 1349 1513 1349 1513 1350 1389 1350 1360 1350 1513 1350 1360 1350 1514 1350 1514 1351 1360 1351 1362 1351 1514 1351 1362 1351 1515 1351 1515 1352 1362 1352 1364 1352 1515 1352 1364 1352 1516 1352 1516 1353 1364 1353 1517 1353 1517 1353 1364 1353 1366 1353 1517 1354 1366 1354 1518 1354 1413 1355 1493 1355 1410 1355 1415 1330 1492 1330 1493 1330 1493 1330 1492 1330 1519 1330 1493 1355 1519 1355 1410 1355 1366 1354 1392 1354 1518 1354 1518 1356 1392 1356 1394 1356 1518 1356 1394 1356 1520 1356 1520 1357 1394 1357 1396 1357 1520 1357 1396 1357 1521 1357 1521 1358 1396 1358 1398 1358 1521 1358 1398 1358 1522 1358 1522 1359 1398 1359 1400 1359 1522 1359 1400 1359 1523 1359 1523 1360 1400 1360 1402 1360 1523 1360 1402 1360 1524 1360 1524 1361 1402 1361 1404 1361 1524 1361 1404 1361 1525 1361 1525 1362 1404 1362 1406 1362 1525 1362 1406 1362 1526 1362 1526 1363 1406 1363 1408 1363 1526 1363 1408 1363 1527 1363 1527 1364 1408 1364 1410 1364 1527 1364 1410 1364 1528 1364 1528 1355 1410 1355 1519 1355 1528 1355 1519 1355 1529 1355 1529 1330 1519 1330 1492 1330 1515 1290 1516 1290 1530 1290 1530 1290 1516 1290 1517 1290 1530 1290 1517 1290 1518 1290 1512 1290 1513 1290 1530 1290 1530 1290 1513 1290 1514 1290 1530 1290 1514 1290 1515 1290 1509 1290 1510 1290 1530 1290 1530 1290 1510 1290 1511 1290 1530 1290 1511 1290 1512 1290 1506 1290 1507 1290 1530 1290 1530 1290 1507 1290 1508 1290 1530 1290 1508 1290 1509 1290 1503 1290 1504 1290 1530 1290 1530 1290 1504 1290 1505 1290 1530 1290 1505 1290 1506 1290 1500 1290 1501 1290 1530 1290 1530 1290 1501 1290 1502 1290 1530 1290 1502 1290 1503 1290 1497 1290 1498 1290 1530 1290 1530 1290 1498 1290 1499 1290 1530 1290 1499 1290 1500 1290 1494 1290 1495 1290 1530 1290 1530 1290 1495 1290 1496 1290 1530 1290 1496 1290 1497 1290 1528 1290 1529 1290 1530 1290 1530 1290 1529 1290 1492 1290 1530 1290 1492 1290 1494 1290 1525 1290 1526 1290 1530 1290 1530 1290 1526 1290 1527 1290 1530 1290 1527 1290 1528 1290 1522 1290 1523 1290 1530 1290 1530 1290 1523 1290 1524 1290 1530 1290 1524 1290 1525 1290 1518 1290 1520 1290 1530 1290 1530 1290 1520 1290 1521 1290 1530 1290 1521 1290 1522 1290 1290 1289 1291 1289 1531 1289 1531 1289 1291 1289 1234 1289 1531 1289 1234 1289 1235 1289 1284 1289 1286 1289 1531 1289 1531 1289 1286 1289 1288 1289 1531 1289 1288 1289 1290 1289 1278 1289 1280 1289 1531 1289 1531 1289 1280 1289 1282 1289 1531 1289 1282 1289 1284 1289 1272 1289 1274 1289 1531 1289 1531 1289 1274 1289 1276 1289 1531 1289 1276 1289 1278 1289 1266 1289 1268 1289 1531 1289 1531 1289 1268 1289 1270 1289 1531 1289 1270 1289 1272 1289 1260 1289 1262 1289 1531 1289 1531 1289 1262 1289 1264 1289 1531 1289 1264 1289 1266 1289 1254 1289 1256 1289 1531 1289 1531 1289 1256 1289 1258 1289 1531 1289 1258 1289 1260 1289 1248 1289 1250 1289 1531 1289 1531 1289 1250 1289 1252 1289 1531 1289 1252 1289 1254 1289 1242 1289 1244 1289 1531 1289 1531 1289 1244 1289 1246 1289 1531 1289 1246 1289 1248 1289 1235 1289 1238 1289 1531 1289 1531 1289 1238 1289 1240 1289 1531 1289 1240 1289 1242 1289 1532 1365 1533 1365 1534 1365 1534 1365 1533 1365 1535 1365 1534 1365 1535 1365 1536 1365 1536 1365 1535 1365 1537 1365 1536 1365 1537 1365 1538 1365 1538 1365 1537 1365 1539 1365 1538 1365 1539 1365 1540 1365 1540 1365 1539 1365 1541 1365 1540 1365 1541 1365 1542 1365 1542 1365 1541 1365 1543 1365 1542 1365 1543 1365 1544 1365 1544 1365 1543 1365 1545 1365 1544 1365 1545 1365 1546 1365 1546 1365 1545 1365 1547 1365 1546 1365 1547 1365 1548 1365 1548 1365 1547 1365 1549 1365 1548 1365 1549 1365 1550 1365 1550 1365 1549 1365 1551 1365 1550 1365 1551 1365 1552 1365 1552 1365 1551 1365 1553 1365 1552 1365 1553 1365 1554 1365 1554 1365 1553 1365 1555 1365 1554 1365 1555 1365 1532 1365 1532 1365 1555 1365 1533 1365 1556 1365 1557 1365 1558 1365 1558 1365 1557 1365 1559 1365 1558 1365 1559 1365 1560 1365 1560 1365 1559 1365 1561 1365 1560 1365 1561 1365 1562 1365 1562 1365 1561 1365 1563 1365 1562 1365 1563 1365 1564 1365 1564 1365 1563 1365 1565 1365 1564 1365 1565 1365 1566 1365 1566 1365 1565 1365 1567 1365 1566 1365 1567 1365 1568 1365 1568 1365 1567 1365 1569 1365 1568 1365 1569 1365 1570 1365 1570 1365 1569 1365 1571 1365 1570 1365 1571 1365 1572 1365 1572 1365 1571 1365 1573 1365 1572 1365 1573 1365 1574 1365 1574 1365 1573 1365 1575 1365 1574 1365 1575 1365 1576 1365 1576 1365 1575 1365 1577 1365 1576 1365 1577 1365 1578 1365 1578 1365 1577 1365 1579 1365 1578 1365 1579 1365 1556 1365 1556 1365 1579 1365 1557 1365 1580 1365 1581 1365 1582 1365 1582 1365 1581 1365 1583 1365 1582 1365 1583 1365 1584 1365 1584 1365 1583 1365 1585 1365 1584 1365 1585 1365 1586 1365 1586 1365 1585 1365 1587 1365 1586 1365 1587 1365 1588 1365 1588 1365 1587 1365 1589 1365 1588 1365 1589 1365 1590 1365 1590 1365 1589 1365 1591 1365 1590 1365 1591 1365 1592 1365 1592 1365 1591 1365 1593 1365 1592 1365 1593 1365 1594 1365 1594 1365 1593 1365 1595 1365 1594 1365 1595 1365 1596 1365 1596 1365 1595 1365 1597 1365 1596 1365 1597 1365 1598 1365 1598 1365 1597 1365 1599 1365 1598 1365 1599 1365 1600 1365 1600 1365 1599 1365 1601 1365 1600 1365 1601 1365 1602 1365 1602 1365 1601 1365 1603 1365 1602 1365 1603 1365 1580 1365 1580 1365 1603 1365 1581 1365 1604 1365 1605 1365 1606 1365 1606 1365 1605 1365 1607 1365 1606 1365 1607 1365 1608 1365 1608 1365 1607 1365 1609 1365 1608 1365 1609 1365 1610 1365 1610 1365 1609 1365 1611 1365 1610 1365 1611 1365 1612 1365 1612 1365 1611 1365 1613 1365 1612 1365 1613 1365 1614 1365 1614 1365 1613 1365 1615 1365 1614 1365 1615 1365 1616 1365 1616 1365 1615 1365 1617 1365 1616 1365 1617 1365 1618 1365 1618 1365 1617 1365 1619 1365 1618 1365 1619 1365 1620 1365 1620 1365 1619 1365 1621 1365 1620 1365 1621 1365 1622 1365 1622 1365 1621 1365 1623 1365 1622 1365 1623 1365 1624 1365 1624 1365 1623 1365 1625 1365 1624 1365 1625 1365 1626 1365 1626 1365 1625 1365 1627 1365 1626 1365 1627 1365 1604 1365 1604 1365 1627 1365 1605 1365 1628 1366 1629 1366 1630 1366 1630 1366 1629 1366 1631 1366 1630 1366 1631 1366 1632 1366 1632 1366 1631 1366 1633 1366 1632 1366 1633 1366 1634 1366 1634 1366 1633 1366 1635 1366 1634 1366 1635 1366 1636 1366 1636 1366 1635 1366 1637 1366 1636 1366 1637 1366 1638 1366 1638 1366 1637 1366 1639 1366 1638 1366 1639 1366 1640 1366 1640 1366 1639 1366 1641 1366 1640 1366 1641 1366 1642 1366 1642 1366 1641 1366 1643 1366 1642 1366 1643 1366 1644 1366 1644 1366 1643 1366 1645 1366 1644 1366 1645 1366 1646 1366 1646 1366 1645 1366 1647 1366 1646 1366 1647 1366 1648 1366 1648 1366 1647 1366 1649 1366 1648 1366 1649 1366 1650 1366 1650 1366 1649 1366 1651 1366 1650 1366 1651 1366 1628 1366 1628 1366 1651 1366 1629 1366 1652 1366 1653 1366 1654 1366 1654 1366 1653 1366 1655 1366 1654 1366 1655 1366 1656 1366 1656 1366 1655 1366 1657 1366 1656 1366 1657 1366 1658 1366 1658 1366 1657 1366 1659 1366 1658 1366 1659 1366 1660 1366 1660 1366 1659 1366 1661 1366 1660 1366 1661 1366 1662 1366 1662 1366 1661 1366 1663 1366 1662 1366 1663 1366 1664 1366 1664 1366 1663 1366 1665 1366 1664 1366 1665 1366 1666 1366 1666 1366 1665 1366 1667 1366 1666 1366 1667 1366 1668 1366 1668 1366 1667 1366 1669 1366 1668 1366 1669 1366 1670 1366 1670 1366 1669 1366 1671 1366 1670 1366 1671 1366 1672 1366 1672 1366 1671 1366 1673 1366 1672 1366 1673 1366 1674 1366 1674 1366 1673 1366 1675 1366 1674 1366 1675 1366 1652 1366 1652 1366 1675 1366 1653 1366 1676 1366 1677 1366 1678 1366 1678 1366 1677 1366 1679 1366 1678 1366 1679 1366 1680 1366 1680 1366 1679 1366 1681 1366 1680 1366 1681 1366 1682 1366 1682 1366 1681 1366 1683 1366 1682 1366 1683 1366 1684 1366 1684 1366 1683 1366 1685 1366 1684 1366 1685 1366 1686 1366 1686 1366 1685 1366 1687 1366 1686 1366 1687 1366 1688 1366 1688 1366 1687 1366 1689 1366 1688 1366 1689 1366 1690 1366 1690 1366 1689 1366 1691 1366 1690 1366 1691 1366 1692 1366 1692 1366 1691 1366 1693 1366 1692 1366 1693 1366 1694 1366 1694 1366 1693 1366 1695 1366 1694 1366 1695 1366 1696 1366 1696 1366 1695 1366 1697 1366 1696 1366 1697 1366 1698 1366 1698 1366 1697 1366 1699 1366 1698 1366 1699 1366 1676 1366 1676 1366 1699 1366 1677 1366 1700 1366 1701 1366 1702 1366 1702 1366 1701 1366 1703 1366 1702 1366 1703 1366 1704 1366 1704 1366 1703 1366 1705 1366 1704 1366 1705 1366 1706 1366 1706 1366 1705 1366 1707 1366 1706 1366 1707 1366 1708 1366 1708 1366 1707 1366 1709 1366 1708 1366 1709 1366 1710 1366 1710 1366 1709 1366 1711 1366 1710 1366 1711 1366 1712 1366 1712 1366 1711 1366 1713 1366 1712 1366 1713 1366 1714 1366 1714 1366 1713 1366 1715 1366 1714 1366 1715 1366 1716 1366 1716 1366 1715 1366 1717 1366 1716 1366 1717 1366 1718 1366 1718 1366 1717 1366 1719 1366 1718 1366 1719 1366 1720 1366 1720 1366 1719 1366 1721 1366 1720 1366 1721 1366 1722 1366 1722 1366 1721 1366 1723 1366 1722 1366 1723 1366 1700 1366 1700 1366 1723 1366 1701 1366 1549 1367 1724 1367 1551 1367 1551 1367 1724 1367 1725 1367 1551 1368 1725 1368 1553 1368 1553 1368 1725 1368 1726 1368 1553 1369 1726 1369 1555 1369 1555 1369 1726 1369 1727 1369 1555 1370 1727 1370 1533 1370 1533 1370 1727 1370 1728 1370 1533 1371 1728 1371 1535 1371 1535 1371 1728 1371 1729 1371 1535 1372 1729 1372 1537 1372 1537 1372 1729 1372 1730 1372 1537 1373 1730 1373 1539 1373 1539 1373 1730 1373 1731 1373 1539 1374 1731 1374 1541 1374 1541 1374 1731 1374 1732 1374 1541 1375 1732 1375 1543 1375 1543 1375 1732 1375 1733 1375 1543 1376 1733 1376 1545 1376 1545 1376 1733 1376 1734 1376 1545 1377 1734 1377 1547 1377 1547 1377 1734 1377 1735 1377 1547 1378 1735 1378 1549 1378 1549 1378 1735 1378 1724 1378 1603 1379 1736 1379 1581 1379 1581 1379 1736 1379 1737 1379 1581 1380 1737 1380 1583 1380 1583 1380 1737 1380 1738 1380 1583 1381 1738 1381 1585 1381 1585 1381 1738 1381 1739 1381 1585 1382 1739 1382 1587 1382 1587 1382 1739 1382 1740 1382 1587 1383 1740 1383 1589 1383 1589 1383 1740 1383 1741 1383 1589 1384 1741 1384 1591 1384 1591 1384 1741 1384 1742 1384 1591 1385 1742 1385 1593 1385 1593 1385 1742 1385 1743 1385 1593 1386 1743 1386 1595 1386 1595 1386 1743 1386 1744 1386 1595 1387 1744 1387 1597 1387 1597 1387 1744 1387 1745 1387 1597 1388 1745 1388 1599 1388 1599 1388 1745 1388 1746 1388 1599 1389 1746 1389 1601 1389 1601 1389 1746 1389 1747 1389 1601 1390 1747 1390 1603 1390 1603 1390 1747 1390 1736 1390 1621 1391 1748 1391 1623 1391 1623 1391 1748 1391 1749 1391 1623 1368 1749 1368 1625 1368 1625 1368 1749 1368 1750 1368 1625 1369 1750 1369 1627 1369 1627 1369 1750 1369 1751 1369 1627 1370 1751 1370 1605 1370 1605 1370 1751 1370 1752 1370 1605 1371 1752 1371 1607 1371 1607 1371 1752 1371 1753 1371 1607 1392 1753 1392 1609 1392 1609 1392 1753 1392 1754 1392 1609 1393 1754 1393 1611 1393 1611 1393 1754 1393 1755 1393 1611 1374 1755 1374 1613 1374 1613 1374 1755 1374 1756 1374 1613 1375 1756 1375 1615 1375 1615 1375 1756 1375 1757 1375 1615 1376 1757 1376 1617 1376 1617 1376 1757 1376 1758 1376 1617 1377 1758 1377 1619 1377 1619 1377 1758 1377 1759 1377 1619 1394 1759 1394 1621 1394 1621 1394 1759 1394 1748 1394 1569 1379 1760 1379 1571 1379 1571 1379 1760 1379 1761 1379 1571 1380 1761 1380 1573 1380 1573 1380 1761 1380 1762 1380 1573 1395 1762 1395 1575 1395 1575 1395 1762 1395 1763 1395 1575 1396 1763 1396 1577 1396 1577 1396 1763 1396 1764 1396 1577 1383 1764 1383 1579 1383 1579 1383 1764 1383 1765 1383 1579 1384 1765 1384 1557 1384 1557 1384 1765 1384 1766 1384 1557 1385 1766 1385 1559 1385 1559 1385 1766 1385 1767 1385 1559 1386 1767 1386 1561 1386 1561 1386 1767 1386 1768 1386 1561 1397 1768 1397 1563 1397 1563 1397 1768 1397 1769 1397 1563 1398 1769 1398 1565 1398 1565 1398 1769 1398 1770 1398 1565 1389 1770 1389 1567 1389 1567 1389 1770 1389 1771 1389 1567 1390 1771 1390 1569 1390 1569 1390 1771 1390 1760 1390 1772 1399 1548 1399 1773 1399 1773 1399 1548 1399 1550 1399 1773 1380 1550 1380 1774 1380 1774 1380 1550 1380 1552 1380 1774 1400 1552 1400 1775 1400 1775 1400 1552 1400 1554 1400 1775 1382 1554 1382 1776 1382 1776 1382 1554 1382 1532 1382 1776 1383 1532 1383 1777 1383 1777 1383 1532 1383 1534 1383 1777 1401 1534 1401 1778 1401 1778 1401 1534 1401 1536 1401 1778 1402 1536 1402 1779 1402 1779 1402 1536 1402 1538 1402 1779 1386 1538 1386 1780 1386 1780 1386 1538 1386 1540 1386 1780 1397 1540 1397 1781 1397 1781 1397 1540 1397 1542 1397 1781 1403 1542 1403 1782 1403 1782 1403 1542 1403 1544 1403 1782 1389 1544 1389 1783 1389 1783 1389 1544 1389 1546 1389 1783 1404 1546 1404 1772 1404 1772 1404 1546 1404 1548 1404 1784 1405 1568 1405 1785 1405 1785 1405 1568 1405 1570 1405 1785 1406 1570 1406 1786 1406 1786 1406 1570 1406 1572 1406 1786 1400 1572 1400 1787 1400 1787 1400 1572 1400 1574 1400 1787 1382 1574 1382 1788 1382 1788 1382 1574 1382 1576 1382 1788 1407 1576 1407 1789 1407 1789 1407 1576 1407 1578 1407 1789 1408 1578 1408 1790 1408 1790 1408 1578 1408 1556 1408 1790 1409 1556 1409 1791 1409 1791 1409 1556 1409 1558 1409 1791 1386 1558 1386 1792 1386 1792 1386 1558 1386 1560 1386 1792 1397 1560 1397 1793 1397 1793 1397 1560 1397 1562 1397 1793 1403 1562 1403 1794 1403 1794 1403 1562 1403 1564 1403 1794 1389 1564 1389 1795 1389 1795 1389 1564 1389 1566 1389 1795 1410 1566 1410 1784 1410 1784 1410 1566 1410 1568 1410 1796 1405 1602 1405 1797 1405 1797 1405 1602 1405 1580 1405 1797 1380 1580 1380 1798 1380 1798 1380 1580 1380 1582 1380 1798 1400 1582 1400 1799 1400 1799 1400 1582 1400 1584 1400 1799 1382 1584 1382 1800 1382 1800 1382 1584 1382 1586 1382 1800 1383 1586 1383 1801 1383 1801 1383 1586 1383 1588 1383 1801 1408 1588 1408 1802 1408 1802 1408 1588 1408 1590 1408 1802 1409 1590 1409 1803 1409 1803 1409 1590 1409 1592 1409 1803 1411 1592 1411 1804 1411 1804 1411 1592 1411 1594 1411 1804 1397 1594 1397 1805 1397 1805 1397 1594 1397 1596 1397 1805 1403 1596 1403 1806 1403 1806 1403 1596 1403 1598 1403 1806 1412 1598 1412 1807 1412 1807 1412 1598 1412 1600 1412 1807 1410 1600 1410 1796 1410 1796 1410 1600 1410 1602 1410 1808 1413 1620 1413 1809 1413 1809 1413 1620 1413 1622 1413 1809 1380 1622 1380 1810 1380 1810 1380 1622 1380 1624 1380 1810 1400 1624 1400 1811 1400 1811 1400 1624 1400 1626 1400 1811 1382 1626 1382 1812 1382 1812 1382 1626 1382 1604 1382 1812 1383 1604 1383 1813 1383 1813 1383 1604 1383 1606 1383 1813 1414 1606 1414 1814 1414 1814 1414 1606 1414 1608 1414 1814 1415 1608 1415 1815 1415 1815 1415 1608 1415 1610 1415 1815 1386 1610 1386 1816 1386 1816 1386 1610 1386 1612 1386 1816 1397 1612 1397 1817 1397 1817 1397 1612 1397 1614 1397 1817 1403 1614 1403 1818 1403 1818 1403 1614 1403 1616 1403 1818 1389 1616 1389 1819 1389 1819 1389 1616 1389 1618 1389 1819 1416 1618 1416 1808 1416 1808 1416 1618 1416 1620 1416 1651 1384 1820 1384 1629 1384 1629 1384 1820 1384 1821 1384 1629 1383 1821 1383 1631 1383 1631 1383 1821 1383 1822 1383 1631 1382 1822 1382 1633 1382 1633 1382 1822 1382 1823 1382 1633 1381 1823 1381 1635 1381 1635 1381 1823 1381 1824 1381 1635 1380 1824 1380 1637 1380 1637 1380 1824 1380 1825 1380 1637 1379 1825 1379 1639 1379 1639 1379 1825 1379 1826 1379 1639 1390 1826 1390 1641 1390 1641 1390 1826 1390 1827 1390 1641 1389 1827 1389 1643 1389 1643 1389 1827 1389 1828 1389 1643 1388 1828 1388 1645 1388 1645 1388 1828 1388 1829 1388 1645 1387 1829 1387 1647 1387 1647 1387 1829 1387 1830 1387 1647 1386 1830 1386 1649 1386 1649 1386 1830 1386 1831 1386 1649 1385 1831 1385 1651 1385 1651 1385 1831 1385 1820 1385 1669 1392 1832 1392 1671 1392 1671 1392 1832 1392 1833 1392 1671 1371 1833 1371 1673 1371 1673 1371 1833 1371 1834 1371 1673 1370 1834 1370 1675 1370 1675 1370 1834 1370 1835 1370 1675 1369 1835 1369 1653 1369 1653 1369 1835 1369 1836 1369 1653 1368 1836 1368 1655 1368 1655 1368 1836 1368 1837 1368 1655 1391 1837 1391 1657 1391 1657 1391 1837 1391 1838 1391 1657 1394 1838 1394 1659 1394 1659 1394 1838 1394 1839 1394 1659 1377 1839 1377 1661 1377 1661 1377 1839 1377 1840 1377 1661 1376 1840 1376 1663 1376 1663 1376 1840 1376 1841 1376 1663 1375 1841 1375 1665 1375 1665 1375 1841 1375 1842 1375 1665 1374 1842 1374 1667 1374 1667 1374 1842 1374 1843 1374 1667 1393 1843 1393 1669 1393 1669 1393 1843 1393 1832 1393 1689 1384 1844 1384 1691 1384 1691 1384 1844 1384 1845 1384 1691 1383 1845 1383 1693 1383 1693 1383 1845 1383 1846 1383 1693 1396 1846 1396 1695 1396 1695 1396 1846 1396 1847 1396 1695 1395 1847 1395 1697 1395 1697 1395 1847 1395 1848 1395 1697 1380 1848 1380 1699 1380 1699 1380 1848 1380 1849 1380 1699 1379 1849 1379 1677 1379 1677 1379 1849 1379 1850 1379 1677 1390 1850 1390 1679 1390 1679 1390 1850 1390 1851 1390 1679 1389 1851 1389 1681 1389 1681 1389 1851 1389 1852 1389 1681 1398 1852 1398 1683 1398 1683 1398 1852 1398 1853 1398 1683 1397 1853 1397 1685 1397 1685 1397 1853 1397 1854 1397 1685 1386 1854 1386 1687 1386 1687 1386 1854 1386 1855 1386 1687 1385 1855 1385 1689 1385 1689 1385 1855 1385 1844 1385 1717 1372 1856 1372 1719 1372 1719 1372 1856 1372 1857 1372 1719 1371 1857 1371 1721 1371 1721 1371 1857 1371 1858 1371 1721 1370 1858 1370 1723 1370 1723 1370 1858 1370 1859 1370 1723 1369 1859 1369 1701 1369 1701 1369 1859 1369 1860 1369 1701 1368 1860 1368 1703 1368 1703 1368 1860 1368 1861 1368 1703 1367 1861 1367 1705 1367 1705 1367 1861 1367 1862 1367 1705 1378 1862 1378 1707 1378 1707 1378 1862 1378 1863 1378 1707 1377 1863 1377 1709 1377 1709 1377 1863 1377 1864 1377 1709 1376 1864 1376 1711 1376 1711 1376 1864 1376 1865 1376 1711 1375 1865 1375 1713 1375 1713 1375 1865 1375 1866 1375 1713 1374 1866 1374 1715 1374 1715 1374 1866 1374 1867 1374 1715 1373 1867 1373 1717 1373 1717 1373 1867 1373 1856 1373 1868 1408 1650 1408 1869 1408 1869 1408 1650 1408 1628 1408 1869 1383 1628 1383 1870 1383 1870 1383 1628 1383 1630 1383 1870 1382 1630 1382 1871 1382 1871 1382 1630 1382 1632 1382 1871 1400 1632 1400 1872 1400 1872 1400 1632 1400 1634 1400 1872 1380 1634 1380 1873 1380 1873 1380 1634 1380 1636 1380 1873 1405 1636 1405 1874 1405 1874 1405 1636 1405 1638 1405 1874 1410 1638 1410 1875 1410 1875 1410 1638 1410 1640 1410 1875 1412 1640 1412 1876 1412 1876 1412 1640 1412 1642 1412 1876 1403 1642 1403 1877 1403 1877 1403 1642 1403 1644 1403 1877 1397 1644 1397 1878 1397 1878 1397 1644 1397 1646 1397 1878 1411 1646 1411 1879 1411 1879 1411 1646 1411 1648 1411 1879 1409 1648 1409 1868 1409 1868 1409 1648 1409 1650 1409 1880 1414 1668 1414 1881 1414 1881 1414 1668 1414 1670 1414 1881 1383 1670 1383 1882 1383 1882 1383 1670 1383 1672 1383 1882 1382 1672 1382 1883 1382 1883 1382 1672 1382 1674 1382 1883 1400 1674 1400 1884 1400 1884 1400 1674 1400 1652 1400 1884 1380 1652 1380 1885 1380 1885 1380 1652 1380 1654 1380 1885 1413 1654 1413 1886 1413 1886 1413 1654 1413 1656 1413 1886 1416 1656 1416 1887 1416 1887 1416 1656 1416 1658 1416 1887 1389 1658 1389 1888 1389 1888 1389 1658 1389 1660 1389 1888 1403 1660 1403 1889 1403 1889 1403 1660 1403 1662 1403 1889 1397 1662 1397 1890 1397 1890 1397 1662 1397 1664 1397 1890 1386 1664 1386 1891 1386 1891 1386 1664 1386 1666 1386 1891 1415 1666 1415 1880 1415 1880 1415 1666 1415 1668 1415 1892 1417 1893 1417 1894 1417 1895 1418 1896 1418 1897 1418 1898 1419 1899 1419 1900 1419 1900 1420 1899 1420 1901 1420 1902 1421 1903 1421 1904 1421 1905 1422 1906 1422 1907 1422 1907 1423 1906 1423 1902 1423 1907 1424 1902 1424 1908 1424 1908 1425 1902 1425 1904 1425 1909 1426 1903 1426 1900 1426 1900 1427 1903 1427 1902 1427 1900 1428 1902 1428 1898 1428 1898 1429 1902 1429 1906 1429 1910 1430 1897 1430 1911 1430 1910 1431 1911 1431 1912 1431 1913 1432 1914 1432 1915 1432 1911 1433 1916 1433 1912 1433 1912 1434 1916 1434 1892 1434 1912 1435 1892 1435 1915 1435 1915 1436 1892 1436 1894 1436 1915 1437 1894 1437 1913 1437 1895 1438 1897 1438 1901 1438 1901 1439 1897 1439 1910 1439 1901 1440 1910 1440 1900 1440 1900 1441 1910 1441 1912 1441 1900 1442 1912 1442 1909 1442 1909 1443 1912 1443 1915 1443 1909 1444 1915 1444 1903 1444 1903 1445 1915 1445 1914 1445 1903 1446 1914 1446 1904 1446 1917 1408 1688 1408 1918 1408 1918 1408 1688 1408 1690 1408 1918 1407 1690 1407 1919 1407 1919 1407 1690 1407 1692 1407 1919 1382 1692 1382 1920 1382 1920 1382 1692 1382 1694 1382 1920 1400 1694 1400 1921 1400 1921 1400 1694 1400 1696 1400 1921 1406 1696 1406 1922 1406 1922 1406 1696 1406 1698 1406 1922 1405 1698 1405 1923 1405 1923 1405 1698 1405 1676 1405 1923 1410 1676 1410 1924 1410 1924 1410 1676 1410 1678 1410 1924 1389 1678 1389 1925 1389 1925 1389 1678 1389 1680 1389 1925 1403 1680 1403 1926 1403 1926 1403 1680 1403 1682 1403 1926 1397 1682 1397 1927 1397 1927 1397 1682 1397 1684 1397 1927 1386 1684 1386 1928 1386 1928 1386 1684 1386 1686 1386 1928 1409 1686 1409 1917 1409 1917 1409 1686 1409 1688 1409 1929 1401 1716 1401 1930 1401 1930 1401 1716 1401 1718 1401 1930 1383 1718 1383 1931 1383 1931 1383 1718 1383 1720 1383 1931 1382 1720 1382 1932 1382 1932 1382 1720 1382 1722 1382 1932 1400 1722 1400 1933 1400 1933 1400 1722 1400 1700 1400 1933 1380 1700 1380 1934 1380 1934 1380 1700 1380 1702 1380 1934 1399 1702 1399 1935 1399 1935 1399 1702 1399 1704 1399 1935 1404 1704 1404 1936 1404 1936 1404 1704 1404 1706 1404 1936 1389 1706 1389 1937 1389 1937 1389 1706 1389 1708 1389 1937 1403 1708 1403 1938 1403 1938 1403 1708 1403 1710 1403 1938 1397 1710 1397 1939 1397 1939 1397 1710 1397 1712 1397 1939 1386 1712 1386 1940 1386 1940 1386 1712 1386 1714 1386 1940 1402 1714 1402 1929 1402 1929 1402 1714 1402 1716 1402 1156 1447 1941 1447 1942 1447 1942 1447 1941 1447 1943 1447 1942 1447 1943 1447 1944 1447 1945 1447 1946 1447 1947 1447 1947 1447 1948 1447 1945 1447 1945 1447 1948 1447 1949 1447 1945 1447 1949 1447 927 1447 1944 1447 1946 1447 1942 1447 1942 1447 1946 1447 1945 1447 1942 1448 1945 1448 1950 1448 1950 1448 1945 1448 1951 1448 1950 1449 1951 1449 1952 1449 1952 1449 1951 1449 1953 1449 1954 1450 1955 1450 1956 1450 1956 1450 1955 1450 1957 1450 1956 1450 1957 1450 1205 1450 1958 1451 1916 1451 1956 1451 1956 1452 1916 1452 1911 1452 1956 1450 1911 1450 1954 1450 1954 1453 1911 1453 1897 1453 1954 1454 1897 1454 1896 1454 1959 1455 1893 1455 1958 1455 1958 1455 1893 1455 1892 1455 1958 1456 1892 1456 1916 1456 924 1450 1960 1450 1961 1450 1961 1450 1960 1450 1962 1450 1961 1450 1962 1450 1963 1450 1905 1454 1907 1454 1963 1454 1963 1457 1907 1457 1908 1457 1963 1450 1908 1450 1961 1450 1961 1452 1908 1452 1904 1452 1961 1458 1904 1458 1964 1458 1964 1456 1904 1456 1914 1456 1964 1455 1914 1455 1965 1455 1965 1455 1914 1455 1913 1455 1966 1459 1100 1459 1967 1459 1967 1459 1100 1459 1968 1459 1967 1459 1968 1459 1099 1459 1100 1460 1966 1460 1969 1460 1969 1460 1966 1460 1970 1460 1969 1461 1970 1461 1971 1461 1971 1461 1970 1461 1972 1461 1971 1462 1972 1462 1973 1462 1973 1462 1972 1462 1974 1462 1973 1463 1974 1463 1975 1463 1975 1463 1974 1463 1976 1463 1975 1464 1976 1464 1977 1464 1977 1464 1976 1464 1978 1464 1977 1465 1978 1465 1979 1465 1979 1465 1978 1465 1980 1465 1979 1466 1980 1466 1981 1466 1981 1466 1980 1466 1982 1466 1981 1467 1982 1467 1983 1467 1983 1467 1982 1467 1984 1467 1983 1468 1984 1468 1985 1468 1985 1468 1984 1468 1986 1468 1985 1469 1986 1469 1090 1469 1090 1469 1986 1469 1987 1469 1090 1470 1987 1470 1988 1470 1988 1470 1987 1470 1989 1470 1988 1470 1989 1470 1091 1470 1091 1471 1989 1471 1990 1471 1990 1471 1989 1471 1991 1471 1990 1472 1991 1472 1992 1472 1992 1472 1991 1472 1993 1472 1992 1473 1993 1473 1994 1473 1994 1473 1993 1473 1995 1473 1994 1474 1995 1474 1996 1474 1996 1474 1995 1474 1997 1474 1996 1475 1997 1475 1998 1475 1998 1475 1997 1475 1999 1475 1998 1476 1999 1476 2000 1476 2000 1476 1999 1476 2001 1476 2000 1477 2001 1477 2002 1477 2002 1477 2001 1477 2003 1477 2002 1478 2003 1478 2004 1478 2004 1478 2003 1478 2005 1478 2004 1479 2005 1479 2006 1479 2006 1479 2005 1479 2007 1479 2006 1480 2007 1480 1099 1480 1099 1480 2007 1480 1967 1480 1967 1481 2008 1481 2009 1481 2010 1481 1978 1481 2011 1481 2011 1481 1978 1481 1976 1481 2011 1481 1976 1481 2012 1481 2012 1481 1976 1481 1974 1481 2012 1481 1974 1481 2013 1481 2013 1481 1974 1481 1972 1481 2013 1481 1972 1481 2014 1481 2014 1481 1972 1481 1970 1481 2014 1481 1970 1481 2015 1481 2015 1481 1970 1481 1966 1481 2015 1481 1966 1481 2016 1481 2016 1481 1966 1481 1967 1481 2016 1481 1967 1481 2017 1481 2017 1481 1967 1481 2009 1481 1989 1481 2018 1481 2019 1481 2010 1481 2020 1481 1978 1481 1978 1481 2020 1481 2021 1481 1978 1481 2021 1481 1980 1481 1980 1481 2021 1481 2022 1481 1980 1481 2022 1481 1982 1481 1982 1481 2022 1481 2023 1481 1982 1481 2023 1481 1984 1481 1984 1481 2023 1481 2024 1481 1984 1481 2024 1481 1986 1481 1986 1481 2024 1481 2025 1481 1986 1481 2025 1481 1987 1481 1987 1481 2025 1481 2026 1481 1987 1481 2026 1481 1989 1481 1989 1481 2026 1481 2027 1481 1989 1481 2027 1481 2018 1481 2019 1481 2028 1481 1989 1481 1989 1481 2028 1481 2029 1481 1989 1481 2029 1481 1991 1481 1991 1481 2029 1481 2030 1481 1991 1481 2030 1481 1993 1481 1993 1481 2030 1481 2031 1481 1993 1481 2031 1481 1995 1481 1995 1481 2031 1481 2032 1481 1995 1481 2032 1481 1997 1481 1997 1481 2032 1481 2033 1481 1997 1481 2033 1481 1999 1481 1999 1481 2033 1481 2034 1481 1999 1481 2034 1481 2001 1481 2001 1481 2034 1481 2035 1481 2001 1481 2035 1481 2003 1481 2003 1481 2035 1481 2036 1481 2003 1481 2036 1481 2005 1481 2005 1481 2036 1481 2037 1481 2005 1481 2037 1481 2007 1481 2007 1481 2037 1481 2038 1481 2007 1481 2038 1481 1967 1481 1967 1481 2038 1481 2039 1481 1967 1481 2039 1481 2008 1481 2040 1482 2041 1482 2042 1482 2042 1483 2041 1483 2043 1483 2042 1484 2043 1484 2044 1484 2044 1485 2043 1485 2045 1485 2044 1486 2045 1486 2046 1486 2046 1487 2045 1487 2047 1487 2046 1488 2047 1488 2048 1488 2048 1489 2047 1489 2049 1489 2048 1490 2049 1490 2050 1490 2050 1491 2049 1491 2051 1491 2050 1492 2051 1492 2052 1492 2052 1493 2051 1493 2053 1493 2052 1494 2053 1494 2054 1494 2054 1495 2053 1495 2055 1495 2054 1496 2055 1496 2056 1496 2056 1497 2055 1497 2057 1497 2056 1498 2057 1498 2058 1498 2058 1499 2057 1499 2059 1499 2058 1500 2059 1500 2060 1500 2060 1501 2059 1501 2061 1501 2060 1502 2061 1502 2062 1502 2062 1503 2061 1503 2063 1503 2062 1504 2063 1504 2064 1504 2064 1505 2063 1505 2065 1505 2064 1506 2065 1506 2066 1506 2066 1507 2065 1507 2067 1507 2066 1508 2067 1508 2068 1508 2068 1509 2067 1509 2069 1509 2068 1510 2069 1510 2070 1510 2070 1511 2069 1511 2071 1511 2070 1512 2071 1512 2072 1512 2072 1513 2071 1513 2073 1513 2072 1514 2073 1514 2074 1514 2074 1515 2073 1515 2075 1515 2074 1516 2075 1516 2076 1516 2076 1517 2075 1517 2077 1517 2076 1518 2077 1518 2078 1518 2078 1519 2077 1519 2079 1519 2078 1520 2079 1520 2080 1520 2080 1521 2079 1521 2081 1521 2080 1522 2081 1522 2082 1522 2082 1523 2081 1523 2083 1523 2082 1524 2083 1524 2084 1524 2084 1525 2083 1525 2085 1525 2084 1526 2085 1526 2086 1526 2086 1527 2085 1527 2087 1527 2086 1528 2087 1528 2040 1528 2040 1529 2087 1529 2041 1529 2088 1530 2089 1530 2090 1530 2090 1531 2089 1531 2091 1531 2090 1532 2091 1532 2092 1532 2092 1533 2091 1533 2093 1533 2092 1534 2093 1534 2094 1534 2094 1535 2093 1535 2095 1535 2094 1536 2095 1536 2096 1536 2096 1537 2095 1537 2097 1537 2096 1538 2097 1538 2098 1538 2098 1539 2097 1539 2099 1539 2098 1540 2099 1540 2100 1540 2100 1541 2099 1541 2101 1541 2100 1542 2101 1542 2102 1542 2102 1543 2101 1543 2103 1543 2102 1544 2103 1544 2104 1544 2104 1545 2103 1545 2105 1545 2104 1499 2105 1499 2106 1499 2106 1546 2105 1546 2107 1546 2106 1547 2107 1547 2108 1547 2108 1548 2107 1548 2109 1548 2108 1549 2109 1549 2110 1549 2110 1550 2109 1550 2111 1550 2110 1551 2111 1551 2112 1551 2112 1552 2111 1552 2113 1552 2112 1553 2113 1553 2114 1553 2114 1554 2113 1554 2115 1554 2114 1555 2115 1555 2116 1555 2116 1556 2115 1556 2117 1556 2116 1557 2117 1557 2118 1557 2118 1558 2117 1558 2119 1558 2118 1559 2119 1559 2120 1559 2120 1560 2119 1560 2121 1560 2120 1561 2121 1561 2122 1561 2122 1562 2121 1562 2123 1562 2122 1563 2123 1563 2124 1563 2124 1564 2123 1564 2125 1564 2124 1565 2125 1565 2126 1565 2126 1566 2125 1566 2127 1566 2126 1567 2127 1567 2128 1567 2128 1568 2127 1568 2129 1568 2128 1569 2129 1569 2130 1569 2130 1570 2129 1570 2131 1570 2130 1571 2131 1571 2132 1571 2132 1572 2131 1572 2133 1572 2132 1573 2133 1573 2134 1573 2134 1574 2133 1574 2135 1574 2134 1575 2135 1575 2088 1575 2088 1576 2135 1576 2089 1576 2136 1577 2137 1577 2138 1577 2138 1483 2137 1483 2139 1483 2138 1578 2139 1578 2140 1578 2140 1579 2139 1579 2141 1579 2140 1580 2141 1580 2142 1580 2142 1487 2141 1487 2143 1487 2142 1581 2143 1581 2144 1581 2144 1582 2143 1582 2145 1582 2144 1583 2145 1583 2146 1583 2146 1584 2145 1584 2147 1584 2146 1585 2147 1585 2148 1585 2148 1493 2147 1493 2149 1493 2148 1586 2149 1586 2150 1586 2150 1587 2149 1587 2151 1587 2150 1588 2151 1588 2152 1588 2152 1589 2151 1589 2153 1589 2152 1590 2153 1590 2154 1590 2154 1591 2153 1591 2155 1591 2154 1592 2155 1592 2156 1592 2156 1593 2155 1593 2157 1593 2156 1594 2157 1594 2158 1594 2158 1595 2157 1595 2159 1595 2158 1504 2159 1504 2160 1504 2160 1596 2159 1596 2161 1596 2160 1597 2161 1597 2162 1597 2162 1598 2161 1598 2163 1598 2162 1599 2163 1599 2164 1599 2164 1600 2163 1600 2165 1600 2164 1601 2165 1601 2166 1601 2166 1558 2165 1558 2167 1558 2166 1602 2167 1602 2168 1602 2168 1603 2167 1603 2169 1603 2168 1604 2169 1604 2170 1604 2170 1605 2169 1605 2171 1605 2170 1606 2171 1606 2172 1606 2172 1607 2171 1607 2173 1607 2172 1608 2173 1608 2174 1608 2174 1609 2173 1609 2175 1609 2174 1610 2175 1610 2176 1610 2176 1611 2175 1611 2177 1611 2176 1612 2177 1612 2178 1612 2178 1523 2177 1523 2179 1523 2178 1613 2179 1613 2180 1613 2180 1614 2179 1614 2181 1614 2180 1615 2181 1615 2182 1615 2182 1616 2181 1616 2183 1616 2182 1617 2183 1617 2136 1617 2136 1618 2183 1618 2137 1618 2184 1619 2185 1619 2186 1619 2186 1620 2185 1620 2187 1620 2186 1621 2187 1621 2188 1621 2188 1622 2187 1622 2189 1622 2188 1623 2189 1623 2190 1623 2190 1624 2189 1624 2191 1624 2190 1625 2191 1625 2192 1625 2192 1626 2191 1626 2193 1626 2192 1627 2193 1627 2194 1627 2194 1628 2193 1628 2195 1628 2194 1629 2195 1629 2196 1629 2196 1630 2195 1630 2197 1630 2196 1631 2197 1631 2198 1631 2198 1632 2197 1632 2199 1632 2198 1633 2199 1633 2200 1633 2200 1634 2199 1634 2201 1634 2200 1635 2201 1635 2202 1635 2202 1558 2201 1558 2203 1558 2202 1636 2203 1636 2204 1636 2204 1637 2203 1637 2205 1637 2204 1638 2205 1638 2206 1638 2206 1639 2205 1639 2207 1639 2206 1516 2207 1516 2208 1516 2208 1640 2207 1640 2209 1640 2208 1641 2209 1641 2210 1641 2210 1642 2209 1642 2211 1642 2210 1643 2211 1643 2212 1643 2212 1644 2211 1644 2213 1644 2212 1645 2213 1645 2214 1645 2214 1646 2213 1646 2215 1646 2214 1647 2215 1647 2216 1647 2216 1648 2215 1648 2217 1648 2216 1649 2217 1649 2218 1649 2218 1650 2217 1650 2219 1650 2218 1651 2219 1651 2220 1651 2220 1652 2219 1652 2221 1652 2220 1653 2221 1653 2222 1653 2222 1654 2221 1654 2223 1654 2222 1655 2223 1655 2224 1655 2224 1656 2223 1656 2225 1656 2224 1657 2225 1657 2226 1657 2226 1658 2225 1658 2227 1658 2226 1659 2227 1659 2228 1659 2228 1660 2227 1660 2229 1660 2228 1661 2229 1661 2230 1661 2230 1662 2229 1662 2231 1662 2230 1492 2231 1492 2184 1492 2184 1493 2231 1493 2185 1493 2232 1663 2233 1663 2234 1663 2234 1664 2233 1664 2235 1664 2234 1665 2235 1665 2236 1665 2236 1666 2235 1666 2237 1666 2236 1623 2237 1623 2238 1623 2238 1667 2237 1667 2239 1667 2238 1668 2239 1668 2240 1668 2240 1669 2239 1669 2241 1669 2240 1502 2241 1502 2242 1502 2242 1670 2241 1670 2243 1670 2242 1671 2243 1671 2244 1671 2244 1672 2243 1672 2245 1672 2244 1631 2245 1631 2246 1631 2246 1673 2245 1673 2247 1673 2246 1674 2247 1674 2248 1674 2248 1675 2247 1675 2249 1675 2248 1635 2249 1635 2250 1635 2250 1676 2249 1676 2251 1676 2250 1677 2251 1677 2252 1677 2252 1678 2251 1678 2253 1678 2252 1638 2253 1638 2254 1638 2254 1679 2253 1679 2255 1679 2254 1516 2255 1516 2256 1516 2256 1680 2255 1680 2257 1680 2256 1681 2257 1681 2258 1681 2258 1682 2257 1682 2259 1682 2258 1683 2259 1683 2260 1683 2260 1684 2259 1684 2261 1684 2260 1645 2261 1645 2262 1645 2262 1523 2261 1523 2263 1523 2262 1685 2263 1685 2264 1685 2264 1686 2263 1686 2265 1686 2264 1687 2265 1687 2266 1687 2266 1688 2265 1688 2267 1688 2266 1689 2267 1689 2268 1689 2268 1690 2267 1690 2269 1690 2268 1653 2269 1653 2270 1653 2270 1691 2269 1691 2271 1691 2270 1692 2271 1692 2272 1692 2272 1693 2271 1693 2273 1693 2272 1657 2273 1657 2274 1657 2274 1694 2273 1694 2275 1694 2274 1695 2275 1695 2276 1695 2276 1696 2275 1696 2277 1696 2276 1490 2277 1490 2278 1490 2278 1491 2277 1491 2279 1491 2278 1492 2279 1492 2232 1492 2232 1697 2279 1697 2233 1697 2280 1698 2281 1698 2282 1698 2282 1699 2281 1699 2283 1699 2282 1578 2283 1578 2284 1578 2284 1579 2283 1579 2285 1579 2284 1580 2285 1580 2286 1580 2286 1487 2285 1487 2287 1487 2286 1700 2287 1700 2288 1700 2288 1701 2287 1701 2289 1701 2288 1702 2289 1702 2290 1702 2290 1703 2289 1703 2291 1703 2290 1585 2291 1585 2292 1585 2292 1704 2291 1704 2293 1704 2292 1705 2293 1705 2294 1705 2294 1587 2293 1587 2295 1587 2294 1588 2295 1588 2296 1588 2296 1589 2295 1589 2297 1589 2296 1590 2297 1590 2298 1590 2298 1591 2297 1591 2299 1591 2298 1592 2299 1592 2300 1592 2300 1706 2299 1706 2301 1706 2300 1707 2301 1707 2302 1707 2302 1708 2301 1708 2303 1708 2302 1551 2303 1551 2304 1551 2304 1552 2303 1552 2305 1552 2304 1709 2305 1709 2306 1709 2306 1710 2305 1710 2307 1710 2306 1599 2307 1599 2308 1599 2308 1600 2307 1600 2309 1600 2308 1601 2309 1601 2310 1601 2310 1558 2309 1558 2311 1558 2310 1711 2311 1711 2312 1711 2312 1712 2311 1712 2313 1712 2312 1713 2313 1713 2314 1713 2314 1714 2313 1714 2315 1714 2314 1606 2315 1606 2316 1606 2316 1715 2315 1715 2317 1715 2316 1566 2317 1566 2318 1566 2318 1609 2317 1609 2319 1609 2318 1610 2319 1610 2320 1610 2320 1611 2319 1611 2321 1611 2320 1612 2321 1612 2322 1612 2322 1523 2321 1523 2323 1523 2322 1613 2323 1613 2324 1613 2324 1716 2323 1716 2325 1716 2324 1717 2325 1717 2326 1717 2326 1718 2325 1718 2327 1718 2326 1719 2327 1719 2280 1719 2280 1720 2327 1720 2281 1720 2328 1721 2329 1721 2330 1721 2330 1722 2329 1722 2331 1722 2330 1723 2331 1723 2332 1723 2332 1724 2331 1724 2333 1724 2332 1725 2333 1725 2334 1725 2334 1726 2333 1726 2335 1726 2334 1727 2335 1727 2336 1727 2336 1728 2335 1728 2337 1728 2336 1538 2337 1538 2338 1538 2338 1539 2337 1539 2339 1539 2338 1540 2339 1540 2340 1540 2340 1541 2339 1541 2341 1541 2340 1542 2341 1542 2342 1542 2342 1729 2341 1729 2343 1729 2342 1730 2343 1730 2344 1730 2344 1731 2343 1731 2345 1731 2344 1732 2345 1732 2346 1732 2346 1733 2345 1733 2347 1733 2346 1734 2347 1734 2348 1734 2348 1735 2347 1735 2349 1735 2348 1736 2349 1736 2350 1736 2350 1737 2349 1737 2351 1737 2350 1738 2351 1738 2352 1738 2352 1739 2351 1739 2353 1739 2352 1740 2353 1740 2354 1740 2354 1741 2353 1741 2355 1741 2354 1742 2355 1742 2356 1742 2356 1743 2355 1743 2357 1743 2356 1744 2357 1744 2358 1744 2358 1511 2357 1511 2359 1511 2358 1745 2359 1745 2360 1745 2360 1746 2359 1746 2361 1746 2360 1561 2361 1561 2362 1561 2362 1562 2361 1562 2363 1562 2362 1563 2363 1563 2364 1563 2364 1564 2363 1564 2365 1564 2364 1565 2365 1565 2366 1565 2366 1609 2365 1609 2367 1609 2366 1747 2367 1747 2368 1747 2368 1748 2367 1748 2369 1748 2368 1570 2369 1570 2370 1570 2370 1749 2369 1749 2371 1749 2370 1750 2371 1750 2372 1750 2372 1614 2371 1614 2373 1614 2372 1615 2373 1615 2374 1615 2374 1616 2373 1616 2375 1616 2374 1751 2375 1751 2328 1751 2328 1752 2375 1752 2329 1752 2376 1482 2377 1482 2378 1482 2378 1753 2377 1753 2379 1753 2378 1754 2379 1754 2380 1754 2380 1723 2379 1723 2381 1723 2380 1486 2381 1486 2382 1486 2382 1755 2381 1755 2383 1755 2382 1756 2383 1756 2384 1756 2384 1757 2383 1757 2385 1757 2384 1490 2385 1490 2386 1490 2386 1491 2385 1491 2387 1491 2386 1492 2387 1492 2388 1492 2388 1493 2387 1493 2389 1493 2388 1494 2389 1494 2390 1494 2390 1758 2389 1758 2391 1758 2390 1759 2391 1759 2392 1759 2392 1760 2391 1760 2393 1760 2392 1498 2393 1498 2394 1498 2394 1591 2393 1591 2395 1591 2394 1761 2395 1761 2396 1761 2396 1762 2395 1762 2397 1762 2396 1763 2397 1763 2398 1763 2398 1764 2397 1764 2399 1764 2398 1765 2399 1765 2400 1765 2400 1505 2399 1505 2401 1505 2400 1506 2401 1506 2402 1506 2402 1710 2401 1710 2403 1710 2402 1766 2403 1766 2404 1766 2404 1767 2403 1767 2405 1767 2404 1510 2405 1510 2406 1510 2406 1558 2405 1558 2407 1558 2406 1768 2407 1768 2408 1768 2408 1769 2407 1769 2409 1769 2408 1514 2409 1514 2410 1514 2410 1515 2409 1515 2411 1515 2410 1516 2411 1516 2412 1516 2412 1517 2411 1517 2413 1517 2412 1518 2413 1518 2414 1518 2414 1770 2413 1770 2415 1770 2414 1771 2415 1771 2416 1771 2416 1772 2415 1772 2417 1772 2416 1522 2417 1522 2418 1522 2418 1773 2417 1773 2419 1773 2418 1774 2419 1774 2420 1774 2420 1648 2419 1648 2421 1648 2420 1649 2421 1649 2422 1649 2422 1775 2421 1775 2423 1775 2422 1719 2423 1719 2376 1719 2376 1529 2423 1529 2377 1529 1898 1776 2424 1776 2425 1776 2426 1777 1901 1777 2425 1777 2425 1778 1901 1778 1899 1778 2425 1779 1899 1779 1898 1779 2427 1780 1896 1780 2426 1780 2426 1781 1896 1781 1895 1781 2426 1782 1895 1782 1901 1782 1898 1783 1906 1783 2424 1783 2424 1784 1906 1784 1905 1784 2424 1785 1905 1785 2428 1785 2428 1786 1905 1786 2429 1786 2428 1787 2429 1787 2430 1787 2430 1788 2429 1788 2431 1788 2430 1789 2431 1789 2432 1789 2432 1790 2431 1790 2433 1790 2432 1791 2433 1791 2434 1791 2434 1792 2433 1792 2435 1792 2434 1793 2435 1793 2436 1793 2436 1794 2435 1794 2437 1794 2436 1795 2437 1795 2438 1795 2438 1796 2437 1796 2439 1796 2438 1797 2439 1797 2440 1797 2440 1798 2439 1798 2441 1798 2440 1799 2441 1799 2442 1799 2442 1800 2441 1800 2443 1800 2442 1801 2443 1801 2444 1801 2444 1802 2443 1802 2445 1802 2444 1803 2445 1803 2446 1803 2446 1804 2445 1804 2447 1804 2446 1805 2447 1805 2448 1805 2448 1806 2447 1806 2449 1806 2448 1807 2449 1807 2450 1807 2450 1808 2449 1808 2451 1808 2450 1809 2451 1809 2452 1809 2452 1810 2451 1810 2453 1810 2452 1811 2453 1811 2454 1811 2454 1812 2453 1812 2455 1812 2454 1813 2455 1813 2456 1813 2456 1814 2455 1814 2457 1814 2456 1815 2457 1815 2458 1815 2458 1816 2457 1816 2459 1816 2458 1817 2459 1817 2460 1817 2460 1818 2459 1818 2461 1818 2460 1819 2461 1819 2462 1819 2462 1820 2461 1820 2463 1820 2462 1821 2463 1821 2464 1821 2464 1822 2463 1822 2465 1822 2464 1823 2465 1823 2466 1823 2466 1824 2465 1824 2467 1824 2466 1825 2467 1825 2427 1825 2427 1826 2467 1826 2468 1826 2427 1827 2468 1827 1896 1827 2469 1828 2470 1828 2471 1828 2471 1829 2470 1829 2472 1829 2471 1830 2472 1830 2473 1830 2469 1365 1724 1365 1735 1365 1724 1365 2469 1365 1725 1365 1752 1365 1751 1365 2474 1365 1762 1365 1761 1365 2475 1365 2475 1365 1761 1365 1760 1365 2475 1365 1760 1365 2469 1365 1768 1365 1767 1365 1728 1365 1759 1365 1758 1365 1740 1365 1740 1365 1758 1365 1757 1365 1740 1365 1757 1365 1756 1365 1764 1365 1747 1365 1765 1365 1765 1365 1747 1365 1746 1365 1735 1365 1734 1365 2469 1365 2469 1365 1734 1365 1733 1365 2469 1365 1733 1365 2470 1365 2470 1365 1733 1365 1732 1365 2474 1365 1751 1365 2475 1365 1751 1365 1750 1365 2475 1365 2475 1365 1750 1365 1749 1365 2475 1365 1749 1365 1748 1365 2469 1365 1760 1365 1725 1365 1725 1365 1760 1365 1771 1365 1725 1365 1771 1365 1770 1365 2470 1365 1767 1365 1766 1365 1756 1365 1755 1365 1740 1365 1740 1365 1755 1365 1754 1365 1740 1365 1754 1365 2474 1365 2474 1365 1754 1365 1753 1365 2474 1365 1753 1365 1752 1365 1764 1365 1763 1365 1747 1365 1747 1365 1763 1365 1762 1365 1747 1365 1762 1365 1736 1365 1736 1365 1762 1365 2475 1365 1736 1365 2475 1365 1737 1365 1737 1365 2475 1365 1748 1365 1737 1365 1748 1365 1738 1365 1738 1365 1748 1365 1759 1365 1738 1365 1759 1365 1739 1365 1739 1365 1759 1365 1740 1365 1732 1365 1731 1365 2470 1365 2470 1365 1731 1365 1730 1365 2470 1365 1730 1365 1767 1365 1767 1365 1730 1365 1729 1365 1767 1365 1729 1365 1728 1365 1746 1365 1745 1365 1765 1365 1765 1365 1745 1365 1744 1365 1765 1365 1744 1365 1766 1365 1766 1365 1744 1365 1743 1365 1766 1365 1743 1365 2470 1365 2470 1365 1743 1365 1742 1365 2470 1365 1742 1365 2474 1365 2474 1365 1742 1365 1741 1365 2474 1365 1741 1365 1740 1365 1768 1365 1728 1365 1769 1365 1769 1365 1728 1365 1727 1365 1769 1365 1727 1365 1770 1365 1770 1365 1727 1365 1726 1365 1770 1365 1726 1365 1725 1365 1780 1366 1781 1366 2476 1366 1804 1366 1784 1366 1785 1366 1804 1366 1785 1366 1803 1366 1803 1366 1785 1366 1786 1366 1803 1366 1786 1366 1802 1366 1775 1366 1790 1366 1774 1366 1774 1366 1790 1366 1791 1366 1774 1366 1791 1366 1773 1366 1773 1366 1791 1366 1792 1366 1773 1366 1792 1366 1772 1366 2476 1366 1781 1366 1953 1366 1797 1366 1798 1366 1815 1366 1815 1366 1798 1366 1814 1366 1786 1366 1787 1366 1802 1366 1802 1366 1787 1366 1788 1366 1802 1366 1788 1366 2477 1366 2477 1366 1788 1366 1789 1366 2477 1366 1789 1366 1790 1366 1808 1366 1952 1366 1953 1366 1775 1366 1776 1366 1790 1366 1790 1366 1776 1366 1777 1366 1790 1366 1777 1366 2477 1366 2477 1366 1777 1366 1778 1366 2477 1366 1778 1366 2476 1366 2476 1366 1778 1366 1779 1366 2476 1366 1779 1366 1780 1366 1781 1366 1782 1366 1953 1366 1953 1366 1782 1366 1783 1366 1953 1366 1783 1366 1772 1366 1808 1366 1809 1366 1952 1366 1952 1366 1809 1366 1810 1366 1952 1366 1810 1366 2477 1366 2477 1366 1810 1366 1811 1366 1811 1366 1812 1366 2477 1366 2477 1366 1812 1366 1813 1366 2477 1366 1813 1366 1814 1366 1798 1366 1799 1366 1814 1366 1814 1366 1799 1366 1800 1366 1814 1366 1800 1366 2477 1366 2477 1366 1800 1366 1801 1366 2477 1366 1801 1366 1802 1366 1792 1366 1793 1366 1772 1366 1772 1366 1793 1366 1794 1366 1772 1366 1794 1366 1953 1366 1953 1366 1794 1366 1795 1366 1953 1366 1795 1366 1784 1366 1804 1366 1805 1366 1784 1366 1784 1366 1805 1366 1806 1366 1784 1366 1806 1366 1953 1366 1953 1366 1806 1366 1807 1366 1953 1366 1807 1366 1796 1366 1815 1366 1816 1366 1797 1366 1797 1366 1816 1366 1817 1366 1797 1366 1817 1366 1796 1366 1796 1366 1817 1366 1818 1366 1796 1366 1818 1366 1953 1366 1953 1366 1818 1366 1819 1366 1953 1366 1819 1366 1808 1366 2474 1831 2475 1831 2478 1831 2478 1832 2475 1832 2479 1832 2478 1833 2479 1833 2480 1833 2477 1834 2476 1834 2472 1834 2472 1834 2470 1834 2477 1834 2477 1834 2470 1834 2474 1834 2477 1834 2474 1834 2478 1834 2481 1835 2482 1835 2483 1835 2483 1836 2482 1836 2484 1836 2483 1837 2484 1837 2485 1837 1845 1366 1820 1366 1846 1366 1846 1366 1820 1366 1831 1366 1846 1366 1831 1366 1847 1366 1867 1366 2486 1366 1856 1366 1856 1366 2486 1366 2482 1366 1856 1366 2482 1366 1844 1366 1860 1366 1859 1366 1855 1366 1855 1366 1859 1366 1858 1366 1855 1366 1858 1366 1844 1366 1844 1366 1858 1366 1857 1366 1844 1366 1857 1366 1856 1366 1860 1366 1855 1366 1861 1366 1861 1366 1855 1366 1854 1366 1861 1366 1854 1366 1853 1366 1830 1366 1849 1366 1831 1366 1831 1366 1849 1366 1848 1366 1831 1366 1848 1366 1847 1366 1838 1366 1837 1366 2481 1366 1867 1366 1866 1366 2486 1366 2486 1366 1866 1366 1865 1366 2486 1366 1865 1366 2487 1366 2487 1366 1865 1366 1864 1366 2487 1366 1864 1366 1863 1366 1824 1366 1843 1366 1825 1366 1825 1366 1843 1366 1842 1366 1853 1366 1852 1366 1861 1366 1861 1366 1852 1366 2487 1366 1861 1366 2487 1366 1862 1366 1862 1366 2487 1366 1863 1366 1830 1366 1829 1366 1849 1366 1849 1366 1829 1366 1828 1366 1849 1366 1828 1366 1850 1366 1850 1366 1828 1366 2487 1366 1850 1366 2487 1366 1851 1366 1851 1366 2487 1366 1852 1366 1838 1366 2481 1366 1839 1366 1839 1366 2481 1366 2487 1366 1839 1366 2487 1366 1840 1366 1837 1366 1836 1366 2481 1366 2481 1366 1836 1366 1835 1366 2481 1366 1835 1366 2482 1366 1842 1366 1841 1366 1825 1366 1825 1366 1841 1366 1840 1366 1825 1366 1840 1366 1826 1366 1826 1366 1840 1366 2487 1366 1826 1366 2487 1366 1827 1366 1827 1366 2487 1366 1828 1366 1835 1366 1834 1366 2482 1366 2482 1366 1834 1366 1833 1366 2482 1366 1833 1366 1832 1366 1845 1366 1844 1366 1820 1366 1820 1366 1844 1366 2482 1366 1820 1366 2482 1366 1821 1366 1821 1366 2482 1366 1832 1366 1821 1366 1832 1366 1822 1366 1822 1366 1832 1366 1843 1366 1822 1366 1843 1366 1823 1366 1823 1366 1843 1366 1824 1366 1938 1365 2488 1365 1937 1365 1937 1365 2488 1365 1965 1365 1937 1365 1965 1365 1936 1365 1936 1365 1965 1365 1935 1365 1935 1365 1965 1365 1913 1365 1935 1365 1913 1365 1934 1365 1934 1365 1913 1365 1924 1365 1934 1365 1924 1365 1925 1365 1938 1365 1939 1365 2488 1365 2488 1365 1939 1365 1940 1365 2488 1365 1940 1365 1929 1365 1929 1365 1930 1365 1928 1365 1928 1365 1930 1365 1931 1365 1928 1365 1931 1365 1927 1365 1927 1365 1931 1365 1926 1365 1926 1365 1931 1365 1932 1365 1926 1365 1932 1365 1925 1365 1925 1365 1932 1365 1933 1365 1925 1365 1933 1365 1934 1365 1872 1365 1873 1365 1959 1365 1959 1365 1873 1365 1874 1365 1959 1365 1874 1365 1893 1365 1893 1365 1874 1365 1875 1365 1893 1365 1875 1365 1894 1365 1894 1365 1875 1365 1876 1365 1921 1365 1922 1365 1913 1365 1913 1365 1922 1365 1923 1365 1913 1365 1923 1365 1924 1365 1929 1365 1928 1365 2488 1365 2488 1365 1928 1365 1917 1365 2488 1365 1917 1365 2489 1365 2489 1365 1882 1365 1883 1365 1885 1365 1886 1365 1959 1365 1959 1365 1886 1365 1887 1365 1959 1365 1887 1365 1872 1365 1872 1365 1887 1365 1888 1365 1872 1365 1888 1365 1871 1365 1871 1365 1888 1365 1889 1365 1871 1365 1889 1365 1870 1365 1878 1365 1879 1365 1919 1365 2489 1365 1883 1365 1959 1365 1959 1365 1883 1365 1884 1365 1959 1365 1884 1365 1885 1365 1890 1365 1868 1365 1889 1365 1889 1365 1868 1365 1869 1365 1889 1365 1869 1365 1870 1365 1878 1365 1919 1365 1877 1365 1919 1365 1920 1365 1877 1365 1877 1365 1920 1365 1921 1365 1877 1365 1921 1365 1876 1365 1876 1365 1921 1365 1913 1365 1876 1365 1913 1365 1894 1365 1879 1365 1868 1365 1919 1365 1919 1365 1868 1365 2489 1365 1919 1365 2489 1365 1918 1365 1918 1365 2489 1365 1917 1365 1890 1365 1891 1365 1868 1365 1868 1365 1891 1365 1880 1365 1868 1365 1880 1365 2489 1365 2489 1365 1880 1365 1881 1365 2489 1365 1881 1365 1882 1365 2233 1834 2279 1834 1944 1834 1981 1834 1983 1834 2490 1834 2491 1834 2492 1834 2493 1834 2494 1834 2495 1834 2496 1834 2129 1834 2127 1834 2497 1834 2085 1834 2083 1834 2498 1834 2067 1834 2065 1834 2499 1834 2499 1834 2065 1834 2063 1834 2499 1834 2063 1834 1971 1834 1971 1834 2063 1834 2061 1834 2055 1834 1969 1834 2057 1834 2057 1834 1969 1834 1971 1834 2057 1834 1971 1834 2059 1834 2059 1834 1971 1834 2061 1834 2067 1834 2499 1834 2069 1834 2069 1834 2499 1834 1963 1834 2069 1834 1963 1834 2071 1834 1962 1834 2075 1834 1963 1834 1963 1834 2075 1834 2073 1834 1963 1834 2073 1834 2071 1834 2498 1834 2083 1834 1960 1834 2083 1834 2081 1834 1960 1834 1960 1834 2081 1834 2079 1834 1960 1834 2079 1834 1962 1834 1962 1834 2079 1834 2077 1834 1962 1834 2077 1834 2075 1834 2053 1834 2051 1834 2500 1834 2500 1834 2051 1834 2049 1834 2500 1834 2049 1834 2501 1834 2501 1834 2049 1834 2047 1834 2501 1834 2047 1834 2045 1834 2045 1834 2043 1834 2501 1834 2501 1834 2043 1834 2041 1834 2501 1834 2041 1834 2498 1834 2498 1834 2041 1834 2087 1834 2498 1834 2087 1834 2085 1834 2109 1834 2107 1834 2502 1834 2127 1834 2125 1834 2497 1834 2497 1834 2125 1834 2123 1834 2497 1834 2123 1834 2501 1834 2501 1834 2123 1834 2121 1834 2501 1834 2121 1834 2119 1834 2109 1834 2502 1834 2111 1834 2119 1834 2117 1834 2501 1834 2501 1834 2117 1834 2115 1834 2501 1834 2115 1834 2113 1834 2107 1834 2105 1834 2502 1834 2502 1834 2105 1834 2103 1834 2502 1834 2103 1834 2101 1834 2099 1834 2097 1834 2503 1834 2503 1834 2097 1834 2095 1834 2503 1834 2095 1834 2504 1834 2504 1834 2095 1834 2093 1834 2504 1834 2093 1834 2505 1834 2505 1834 2093 1834 2091 1834 2506 1834 2507 1834 2131 1834 2091 1834 2089 1834 2505 1834 2505 1834 2089 1834 2135 1834 2505 1834 2135 1834 2507 1834 2507 1834 2135 1834 2133 1834 2507 1834 2133 1834 2131 1834 2183 1834 2181 1834 2508 1834 2173 1834 2502 1834 2503 1834 2503 1834 2502 1834 2101 1834 2503 1834 2101 1834 2099 1834 2179 1834 2177 1834 2503 1834 2503 1834 2177 1834 2175 1834 2503 1834 2175 1834 2173 1834 2145 1834 2143 1834 2509 1834 2509 1834 2143 1834 2141 1834 2509 1834 2141 1834 2510 1834 2510 1834 2141 1834 2139 1834 2510 1834 2139 1834 2508 1834 2508 1834 2139 1834 2137 1834 2508 1834 2137 1834 2183 1834 2173 1834 2171 1834 2502 1834 2502 1834 2171 1834 2169 1834 2502 1834 2169 1834 2511 1834 2511 1834 2169 1834 2167 1834 2511 1834 2167 1834 2165 1834 2512 1834 2157 1834 2155 1834 2165 1834 2163 1834 2511 1834 2511 1834 2163 1834 2161 1834 2511 1834 2161 1834 2159 1834 2155 1834 2153 1834 2512 1834 2512 1834 2153 1834 2151 1834 2512 1834 2151 1834 2513 1834 2513 1834 2151 1834 2149 1834 2513 1834 2149 1834 2147 1834 2313 1834 2311 1834 2514 1834 2297 1834 2295 1834 2495 1834 2495 1834 2295 1834 2293 1834 2495 1834 2293 1834 2496 1834 2515 1834 2315 1834 2313 1834 2297 1834 2495 1834 2299 1834 2299 1834 2495 1834 2516 1834 2299 1834 2516 1834 2301 1834 2301 1834 2516 1834 2517 1834 2301 1834 2517 1834 2303 1834 2311 1834 2309 1834 2514 1834 2514 1834 2309 1834 2307 1834 2514 1834 2307 1834 2517 1834 2517 1834 2307 1834 2305 1834 2517 1834 2305 1834 2303 1834 2285 1834 2283 1834 2518 1834 2323 1834 2321 1834 2519 1834 2519 1834 2321 1834 2319 1834 2519 1834 2319 1834 2515 1834 2515 1834 2319 1834 2317 1834 2515 1834 2317 1834 2315 1834 2293 1834 2291 1834 2496 1834 2496 1834 2291 1834 2289 1834 2496 1834 2289 1834 2518 1834 2518 1834 2289 1834 2287 1834 2518 1834 2287 1834 2285 1834 2283 1834 2281 1834 2518 1834 2518 1834 2281 1834 2327 1834 2518 1834 2327 1834 2519 1834 2519 1834 2327 1834 2325 1834 2519 1834 2325 1834 2323 1834 2520 1834 2389 1834 2387 1834 2520 1834 2387 1834 1985 1834 2379 1834 2377 1834 1983 1834 1983 1834 2377 1834 2423 1834 1983 1834 2423 1834 2490 1834 2387 1834 2385 1834 1985 1834 1985 1834 2385 1834 2383 1834 1985 1834 2383 1834 1983 1834 1983 1834 2383 1834 2381 1834 1983 1834 2381 1834 2379 1834 2389 1834 2520 1834 2391 1834 2391 1834 2520 1834 2521 1834 2391 1834 2521 1834 2393 1834 2405 1834 2403 1834 2522 1834 2522 1834 2403 1834 2401 1834 2401 1834 2399 1834 2522 1834 2522 1834 2399 1834 2397 1834 2522 1834 2397 1834 2521 1834 2521 1834 2397 1834 2395 1834 2521 1834 2395 1834 2393 1834 1955 1834 2409 1834 1957 1834 1957 1834 2409 1834 2407 1834 2423 1834 2421 1834 2490 1834 2490 1834 2421 1834 2419 1834 2490 1834 2419 1834 1954 1834 1954 1834 2419 1834 2417 1834 2417 1834 2415 1834 1954 1834 1954 1834 2415 1834 2413 1834 1954 1834 2413 1834 1955 1834 1955 1834 2413 1834 2411 1834 1955 1834 2411 1834 2409 1834 2131 1834 2129 1834 2506 1834 2506 1834 2129 1834 2497 1834 2506 1834 2497 1834 2523 1834 2523 1834 2497 1834 2501 1834 2523 1834 2501 1834 2524 1834 2524 1834 2501 1834 2525 1834 2525 1834 2501 1834 2498 1834 2525 1834 2498 1834 2526 1834 2526 1834 2498 1834 1960 1834 2526 1834 1960 1834 924 1834 2435 1834 2433 1834 1963 1834 2527 1834 2449 1834 2447 1834 2433 1834 2431 1834 1963 1834 1963 1834 2431 1834 2429 1834 1963 1834 2429 1834 1905 1834 2527 1834 2447 1834 2499 1834 2499 1834 2447 1834 2445 1834 2499 1834 2445 1834 2443 1834 2443 1834 2441 1834 2499 1834 2499 1834 2441 1834 2439 1834 2499 1834 2439 1834 1963 1834 1963 1834 2439 1834 2437 1834 1963 1834 2437 1834 2435 1834 1896 1834 2468 1834 1954 1834 1954 1834 2468 1834 2467 1834 1954 1834 2467 1834 2465 1834 2465 1834 2463 1834 1954 1834 1954 1834 2463 1834 2461 1834 1954 1834 2461 1834 2490 1834 2490 1834 2461 1834 2459 1834 2490 1834 2459 1834 2457 1834 2457 1834 2455 1834 2490 1834 2490 1834 2455 1834 2453 1834 2490 1834 2453 1834 2527 1834 2527 1834 2453 1834 2451 1834 2527 1834 2451 1834 2449 1834 2528 1834 1205 1834 2522 1834 2522 1834 1205 1834 1957 1834 2522 1834 1957 1834 2405 1834 2405 1834 1957 1834 2407 1834 2521 1834 2529 1834 2530 1834 2521 1834 2530 1834 2522 1834 2522 1834 2530 1834 2531 1834 2522 1834 2531 1834 2528 1834 2349 1834 2347 1834 2532 1834 2532 1834 2347 1834 2533 1834 2337 1834 2335 1834 2515 1834 2375 1834 2373 1834 2521 1834 2521 1834 2373 1834 2371 1834 2521 1834 2371 1834 2369 1834 2313 1834 2514 1834 2515 1834 2515 1834 2514 1834 2339 1834 2515 1834 2339 1834 2337 1834 2335 1834 2333 1834 2515 1834 2515 1834 2333 1834 2331 1834 2515 1834 2331 1834 2329 1834 2347 1834 2345 1834 2533 1834 2533 1834 2345 1834 2343 1834 2533 1834 2343 1834 2514 1834 2514 1834 2343 1834 2341 1834 2514 1834 2341 1834 2339 1834 2369 1834 2367 1834 2521 1834 2521 1834 2367 1834 2365 1834 2521 1834 2365 1834 2529 1834 2529 1834 2365 1834 2363 1834 2529 1834 2363 1834 2534 1834 2534 1834 2363 1834 2361 1834 2361 1834 2359 1834 2534 1834 2534 1834 2359 1834 2357 1834 2534 1834 2357 1834 2535 1834 2357 1834 2355 1834 2535 1834 2535 1834 2355 1834 2353 1834 2535 1834 2353 1834 2532 1834 2532 1834 2353 1834 2351 1834 2532 1834 2351 1834 2349 1834 2491 1834 2493 1834 2509 1834 2181 1834 2179 1834 2508 1834 2508 1834 2179 1834 2503 1834 2508 1834 2503 1834 2536 1834 2536 1834 2503 1834 2504 1834 1971 1834 1973 1834 2499 1834 2499 1834 1973 1834 1975 1834 2499 1834 1975 1834 2527 1834 2527 1834 1975 1834 1977 1834 2527 1834 1977 1834 2490 1834 2490 1834 1977 1834 1979 1834 2490 1834 1979 1834 1981 1834 2055 1834 2053 1834 1969 1834 1969 1834 2053 1834 2500 1834 1969 1834 2500 1834 1100 1834 1100 1834 2500 1834 1968 1834 1099 1834 2511 1834 2512 1834 2512 1834 2511 1834 2159 1834 2512 1834 2159 1834 2157 1834 2000 1834 2002 1834 2537 1834 2537 1834 2002 1834 2004 1834 2537 1834 2004 1834 2512 1834 2512 1834 2004 1834 2006 1834 2512 1834 2006 1834 1099 1834 1992 1834 2538 1834 1990 1834 1990 1834 2538 1834 2518 1834 1990 1834 2518 1834 1091 1834 1091 1834 2518 1834 2519 1834 1091 1834 2519 1834 1988 1834 1988 1834 2519 1834 1090 1834 2329 1834 2375 1834 2515 1834 2515 1834 2375 1834 2521 1834 2515 1834 2521 1834 2519 1834 2519 1834 2521 1834 2520 1834 2519 1834 2520 1834 1090 1834 1090 1834 2520 1834 1985 1834 1156 1834 2539 1834 1941 1834 1941 1834 2539 1834 2540 1834 1941 1834 2540 1834 1943 1834 1943 1834 2540 1834 2541 1834 1943 1834 2541 1834 1944 1834 1944 1834 2541 1834 2542 1834 2539 1834 2494 1834 2540 1834 2540 1834 2494 1834 2496 1834 2540 1834 2496 1834 2541 1834 2541 1834 2496 1834 2518 1834 2541 1834 2518 1834 2542 1834 2542 1834 2518 1834 2538 1834 2542 1834 2538 1834 1994 1834 1994 1834 2538 1834 1992 1834 1944 1834 2279 1834 1946 1834 2543 1834 2265 1834 2263 1834 2263 1834 2261 1834 2543 1834 2543 1834 2261 1834 2259 1834 2543 1834 2259 1834 2257 1834 2255 1834 2253 1834 2542 1834 2279 1834 2277 1834 1946 1834 1946 1834 2277 1834 2275 1834 1946 1834 2275 1834 2273 1834 1994 1834 1996 1834 2542 1834 2542 1834 1996 1834 2543 1834 2542 1834 2543 1834 2255 1834 2255 1834 2543 1834 2257 1834 2253 1834 2251 1834 2542 1834 2542 1834 2251 1834 2249 1834 2542 1834 2249 1834 2247 1834 2247 1834 2245 1834 2542 1834 2542 1834 2245 1834 2243 1834 2542 1834 2243 1834 1944 1834 1944 1834 2243 1834 2241 1834 1944 1834 2241 1834 2239 1834 2273 1834 2271 1834 1946 1834 1946 1834 2271 1834 2269 1834 1946 1834 2269 1834 2543 1834 2543 1834 2269 1834 2267 1834 2543 1834 2267 1834 2265 1834 2239 1834 2237 1834 1944 1834 1944 1834 2237 1834 2235 1834 1944 1834 2235 1834 2233 1834 2213 1834 2211 1834 2544 1834 2227 1834 2225 1834 1947 1834 1947 1834 2225 1834 2223 1834 1947 1834 2223 1834 2221 1834 2191 1834 2189 1834 1946 1834 1946 1834 2189 1834 2187 1834 2187 1834 2185 1834 1946 1834 1946 1834 2185 1834 2231 1834 1946 1834 2231 1834 1947 1834 1947 1834 2231 1834 2229 1834 1947 1834 2229 1834 2227 1834 2219 1834 2217 1834 2544 1834 2544 1834 2217 1834 2215 1834 2544 1834 2215 1834 2213 1834 2199 1834 2543 1834 2201 1834 2201 1834 2543 1834 2203 1834 2211 1834 2209 1834 2544 1834 2544 1834 2209 1834 2207 1834 2544 1834 2207 1834 2543 1834 2543 1834 2207 1834 2205 1834 2543 1834 2205 1834 2203 1834 2199 1834 2197 1834 2543 1834 2543 1834 2197 1834 2195 1834 2543 1834 2195 1834 1946 1834 1946 1834 2195 1834 2193 1834 1946 1834 2193 1834 2191 1834 2221 1834 2219 1834 1947 1834 1947 1834 2219 1834 2544 1834 1947 1834 2544 1834 1948 1834 1948 1834 2544 1834 2545 1834 1948 1834 2545 1834 1949 1834 1949 1834 2545 1834 2493 1834 1949 1834 2493 1834 927 1834 927 1834 2493 1834 2492 1834 1996 1834 1998 1834 2543 1834 2543 1834 1998 1834 2000 1834 2543 1834 2000 1834 2544 1834 2544 1834 2000 1834 2537 1834 2544 1834 2537 1834 2545 1834 2545 1834 2537 1834 2512 1834 2545 1834 2512 1834 2493 1834 2493 1834 2512 1834 2513 1834 2493 1834 2513 1834 2509 1834 2509 1834 2513 1834 2147 1834 2509 1834 2147 1834 2145 1834 1099 1834 1968 1834 2511 1834 2511 1834 1968 1834 2500 1834 2511 1834 2500 1834 2502 1834 2502 1834 2500 1834 2501 1834 2502 1834 2501 1834 2111 1834 2111 1834 2501 1834 2113 1834 2486 1838 2487 1838 2546 1838 2546 1839 2487 1839 2547 1839 2546 1840 2547 1840 2548 1840 2488 1834 2489 1834 2484 1834 2484 1834 2482 1834 2488 1834 2488 1834 2482 1834 2486 1834 2488 1834 2486 1834 2546 1834 2021 1841 2020 1841 2549 1841 2549 1842 2020 1842 2550 1842 2020 1843 2010 1843 2550 1843 2550 1844 2010 1844 2011 1844 2550 1845 2011 1845 2551 1845 2551 1846 2011 1846 2012 1846 2551 1847 2012 1847 2552 1847 2552 1848 2012 1848 2013 1848 2552 1849 2013 1849 2553 1849 2553 1850 2013 1850 2014 1850 2553 1851 2014 1851 2554 1851 2554 1852 2014 1852 2015 1852 2554 1853 2015 1853 2555 1853 2555 1854 2015 1854 2016 1854 2555 1855 2016 1855 2556 1855 2556 1856 2016 1856 2017 1856 2556 1857 2017 1857 2557 1857 2557 1858 2017 1858 2009 1858 2557 1859 2009 1859 2558 1859 2558 1860 2009 1860 2008 1860 2558 1861 2008 1861 2559 1861 2559 1862 2008 1862 2039 1862 2559 1862 2039 1862 2560 1862 2560 1863 2039 1863 2038 1863 2560 1864 2038 1864 2561 1864 2561 1865 2038 1865 2037 1865 2561 1866 2037 1866 2562 1866 2562 1867 2037 1867 2036 1867 2562 1868 2036 1868 2563 1868 2563 1869 2036 1869 2035 1869 2563 1870 2035 1870 2564 1870 2564 1871 2035 1871 2565 1871 2564 1872 2565 1872 2566 1872 2566 1873 2565 1873 2033 1873 2566 1874 2033 1874 2567 1874 2567 1875 2033 1875 2032 1875 2567 1876 2032 1876 2568 1876 2568 1877 2032 1877 2031 1877 2568 1878 2031 1878 2569 1878 2569 1879 2031 1879 2030 1879 2569 1880 2030 1880 2570 1880 2570 1881 2030 1881 2029 1881 2570 1882 2029 1882 2571 1882 2571 1883 2029 1883 2028 1883 2571 1883 2028 1883 2572 1883 2572 1884 2028 1884 2019 1884 2572 1885 2019 1885 2573 1885 2573 1886 2019 1886 2018 1886 2573 1887 2018 1887 2574 1887 2574 1888 2018 1888 2027 1888 2574 1889 2027 1889 2575 1889 2575 1890 2027 1890 2026 1890 2575 1891 2026 1891 2576 1891 2576 1892 2026 1892 2025 1892 2576 1893 2025 1893 2577 1893 2577 1894 2025 1894 2024 1894 2577 1895 2024 1895 2578 1895 2578 1896 2024 1896 2023 1896 2578 1897 2023 1897 2579 1897 2579 1898 2023 1898 2022 1898 2579 1899 2022 1899 2580 1899 2580 1900 2022 1900 2021 1900 2580 1901 2021 1901 2581 1901 2581 1902 2021 1902 2549 1902 2582 1903 2583 1903 2052 1903 2052 1904 2054 1904 2582 1904 2582 1905 2054 1905 2056 1905 2582 1906 2056 1906 2584 1906 2056 1907 2058 1907 2584 1907 2584 1908 2058 1908 2060 1908 2584 1909 2060 1909 2585 1909 2060 1910 2062 1910 2585 1910 2585 1911 2062 1911 2064 1911 2585 1912 2064 1912 2586 1912 2064 1913 2066 1913 2586 1913 2586 1914 2066 1914 2068 1914 2586 1915 2068 1915 2587 1915 2068 1916 2070 1916 2587 1916 2587 1917 2070 1917 2072 1917 2587 1918 2072 1918 2588 1918 2072 1919 2074 1919 2588 1919 2588 1920 2074 1920 2076 1920 2588 1921 2076 1921 2589 1921 2076 1922 2078 1922 2589 1922 2589 1923 2078 1923 2080 1923 2589 1924 2080 1924 2590 1924 2080 1925 2082 1925 2590 1925 2590 1926 2082 1926 2084 1926 2590 1927 2084 1927 2591 1927 2084 1928 2086 1928 2591 1928 2591 1929 2086 1929 2040 1929 2591 1930 2040 1930 2592 1930 2040 1931 2042 1931 2592 1931 2592 1932 2042 1932 2044 1932 2592 1933 2044 1933 2593 1933 2044 1934 2046 1934 2593 1934 2593 1935 2046 1935 2048 1935 2593 1936 2048 1936 2583 1936 2583 1937 2048 1937 2050 1937 2583 1938 2050 1938 2052 1938 2100 1939 2594 1939 2595 1939 2100 1940 2102 1940 2594 1940 2594 1941 2102 1941 2104 1941 2594 1942 2104 1942 2596 1942 2104 1943 2106 1943 2596 1943 2596 1944 2106 1944 2108 1944 2596 1945 2108 1945 2597 1945 2108 1946 2110 1946 2597 1946 2597 1911 2110 1911 2112 1911 2597 1947 2112 1947 2598 1947 2112 1948 2114 1948 2598 1948 2598 1949 2114 1949 2116 1949 2598 1950 2116 1950 2599 1950 2116 1951 2118 1951 2599 1951 2599 1952 2118 1952 2120 1952 2599 1953 2120 1953 2600 1953 2120 1919 2122 1919 2600 1919 2600 1920 2122 1920 2124 1920 2600 1954 2124 1954 2601 1954 2124 1955 2126 1955 2601 1955 2601 1956 2126 1956 2128 1956 2601 1957 2128 1957 2602 1957 2128 1958 2130 1958 2602 1958 2602 1959 2130 1959 2132 1959 2602 1960 2132 1960 2603 1960 2132 1961 2134 1961 2603 1961 2603 1962 2134 1962 2088 1962 2603 1963 2088 1963 2604 1963 2088 1964 2090 1964 2604 1964 2604 1965 2090 1965 2092 1965 2604 1966 2092 1966 2605 1966 2092 1967 2094 1967 2605 1967 2605 1968 2094 1968 2096 1968 2605 1969 2096 1969 2595 1969 2595 1970 2096 1970 2098 1970 2595 1971 2098 1971 2100 1971 2606 1972 2607 1972 2148 1972 2148 1973 2150 1973 2606 1973 2606 1974 2150 1974 2152 1974 2606 1975 2152 1975 2608 1975 2152 1976 2154 1976 2608 1976 2608 1944 2154 1944 2156 1944 2608 1977 2156 1977 2609 1977 2156 1910 2158 1910 2609 1910 2609 1911 2158 1911 2160 1911 2609 1978 2160 1978 2610 1978 2160 1979 2162 1979 2610 1979 2610 1980 2162 1980 2164 1980 2610 1981 2164 1981 2611 1981 2164 1982 2166 1982 2611 1982 2611 1983 2166 1983 2168 1983 2611 1984 2168 1984 2612 1984 2168 1985 2170 1985 2612 1985 2612 1986 2170 1986 2172 1986 2612 1987 2172 1987 2613 1987 2172 1988 2174 1988 2613 1988 2613 1989 2174 1989 2176 1989 2613 1990 2176 1990 2614 1990 2176 1991 2178 1991 2614 1991 2614 1992 2178 1992 2180 1992 2614 1993 2180 1993 2615 1993 2180 1961 2182 1961 2615 1961 2615 1994 2182 1994 2136 1994 2615 1995 2136 1995 2616 1995 2136 1964 2138 1964 2616 1964 2616 1996 2138 1996 2140 1996 2616 1997 2140 1997 2617 1997 2140 1998 2142 1998 2617 1998 2617 1999 2142 1999 2144 1999 2617 2000 2144 2000 2607 2000 2607 2001 2144 2001 2146 2001 2607 2002 2146 2002 2148 2002 2618 2003 2619 2003 2184 2003 2184 2004 2186 2004 2618 2004 2618 2005 2186 2005 2188 2005 2618 2006 2188 2006 2620 2006 2188 2007 2190 2007 2620 2007 2620 2008 2190 2008 2192 2008 2620 2009 2192 2009 2621 2009 2192 2010 2194 2010 2621 2010 2621 2011 2194 2011 2196 2011 2621 2012 2196 2012 2622 2012 2196 2013 2198 2013 2622 2013 2622 2014 2198 2014 2200 2014 2622 2015 2200 2015 2623 2015 2200 2016 2202 2016 2623 2016 2623 2017 2202 2017 2204 2017 2623 2018 2204 2018 2624 2018 2204 1919 2206 1919 2624 1919 2624 1920 2206 1920 2208 1920 2624 1921 2208 1921 2625 1921 2208 1922 2210 1922 2625 1922 2625 2019 2210 2019 2212 2019 2625 2020 2212 2020 2626 2020 2212 2021 2214 2021 2626 2021 2626 2022 2214 2022 2216 2022 2626 2023 2216 2023 2627 2023 2216 1961 2218 1961 2627 1961 2627 1994 2218 1994 2220 1994 2627 2024 2220 2024 2628 2024 2220 2025 2222 2025 2628 2025 2628 2026 2222 2026 2224 2026 2628 2027 2224 2027 2629 2027 2224 2028 2226 2028 2629 2028 2629 1935 2226 1935 2228 1935 2629 1936 2228 1936 2619 1936 2619 1937 2228 1937 2230 1937 2619 1938 2230 1938 2184 1938 2630 1903 2631 1903 2232 1903 2232 1904 2234 1904 2630 1904 2630 2005 2234 2005 2236 2005 2630 2006 2236 2006 2632 2006 2236 2007 2238 2007 2632 2007 2632 2008 2238 2008 2240 2008 2632 2029 2240 2029 2633 2029 2240 1910 2242 1910 2633 1910 2633 1911 2242 1911 2244 1911 2633 2030 2244 2030 2634 2030 2244 2013 2246 2013 2634 2013 2634 2014 2246 2014 2248 2014 2634 2015 2248 2015 2635 2015 2248 2016 2250 2016 2635 2016 2635 1917 2250 1917 2252 1917 2635 1918 2252 1918 2636 1918 2252 1919 2254 1919 2636 1919 2636 1920 2254 1920 2256 1920 2636 2031 2256 2031 2637 2031 2256 2032 2258 2032 2637 2032 2637 2019 2258 2019 2260 2019 2637 2020 2260 2020 2638 2020 2260 2021 2262 2021 2638 2021 2638 2022 2262 2022 2264 2022 2638 2033 2264 2033 2639 2033 2264 2034 2266 2034 2639 2034 2639 2035 2266 2035 2268 2035 2639 2036 2268 2036 2640 2036 2268 2025 2270 2025 2640 2025 2640 2026 2270 2026 2272 2026 2640 2027 2272 2027 2641 2027 2272 2028 2274 2028 2641 2028 2641 2037 2274 2037 2276 2037 2641 2038 2276 2038 2631 2038 2631 1937 2276 1937 2278 1937 2631 1938 2278 1938 2232 1938 2642 2039 2643 2039 2292 2039 2292 2040 2294 2040 2642 2040 2642 1974 2294 1974 2296 1974 2642 1975 2296 1975 2644 1975 2296 1976 2298 1976 2644 1976 2644 1944 2298 1944 2300 1944 2644 1977 2300 1977 2645 1977 2300 1910 2302 1910 2645 1910 2645 1911 2302 1911 2304 1911 2645 1978 2304 1978 2646 1978 2304 1979 2306 1979 2646 1979 2646 1980 2306 1980 2308 1980 2646 1981 2308 1981 2647 1981 2308 1982 2310 1982 2647 1982 2647 2041 2310 2041 2312 2041 2647 2042 2312 2042 2648 2042 2312 1985 2314 1985 2648 1985 2648 1986 2314 1986 2316 1986 2648 2043 2316 2043 2649 2043 2316 2044 2318 2044 2649 2044 2649 1989 2318 1989 2320 1989 2649 1990 2320 1990 2650 1990 2320 1991 2322 1991 2650 1991 2650 1992 2322 1992 2324 1992 2650 1993 2324 1993 2651 1993 2324 1961 2326 1961 2651 1961 2651 1994 2326 1994 2280 1994 2651 1995 2280 1995 2652 1995 2280 1964 2282 1964 2652 1964 2652 1996 2282 1996 2284 1996 2652 1997 2284 1997 2653 1997 2284 1998 2286 1998 2653 1998 2653 2045 2286 2045 2288 2045 2653 2046 2288 2046 2643 2046 2643 2001 2288 2001 2290 2001 2643 2002 2290 2002 2292 2002 2340 1939 2654 1939 2655 1939 2340 1940 2342 1940 2654 1940 2654 2047 2342 2047 2344 2047 2654 2048 2344 2048 2656 2048 2344 2049 2346 2049 2656 2049 2656 1944 2346 1944 2348 1944 2656 1945 2348 1945 2657 1945 2348 1946 2350 1946 2657 1946 2657 1911 2350 1911 2352 1911 2657 1947 2352 1947 2658 1947 2352 1948 2354 1948 2658 1948 2658 2050 2354 2050 2356 2050 2658 2051 2356 2051 2659 2051 2356 2052 2358 2052 2659 2052 2659 1952 2358 1952 2360 1952 2659 1953 2360 1953 2660 1953 2360 1919 2362 1919 2660 1919 2660 1920 2362 1920 2364 1920 2660 1954 2364 1954 2661 1954 2364 1955 2366 1955 2661 1955 2661 2053 2366 2053 2368 2053 2661 2054 2368 2054 2662 2054 2368 2055 2370 2055 2662 2055 2662 1959 2370 1959 2372 1959 2662 1960 2372 1960 2663 1960 2372 1961 2374 1961 2663 1961 2663 1962 2374 1962 2328 1962 2663 1963 2328 1963 2664 1963 2328 1964 2330 1964 2664 1964 2664 2056 2330 2056 2332 2056 2664 2057 2332 2057 2665 2057 2332 2058 2334 2058 2665 2058 2665 1968 2334 1968 2336 1968 2665 1969 2336 1969 2655 1969 2655 1970 2336 1970 2338 1970 2655 1971 2338 1971 2340 1971 2666 1903 2667 1903 2388 1903 2388 1904 2390 1904 2666 1904 2666 1905 2390 1905 2392 1905 2666 1906 2392 1906 2668 1906 2392 1907 2394 1907 2668 1907 2668 1908 2394 1908 2396 1908 2668 2059 2396 2059 2669 2059 2396 2060 2398 2060 2669 2060 2669 2061 2398 2061 2400 2061 2669 2062 2400 2062 2670 2062 2400 1913 2402 1913 2670 1913 2670 1914 2402 1914 2404 1914 2670 1915 2404 1915 2671 1915 2404 1916 2406 1916 2671 1916 2671 1917 2406 1917 2408 1917 2671 1918 2408 1918 2672 1918 2408 1919 2410 1919 2672 1919 2672 1920 2410 1920 2412 1920 2672 1921 2412 1921 2673 1921 2412 1922 2414 1922 2673 1922 2673 1923 2414 1923 2416 1923 2673 1924 2416 1924 2674 1924 2416 1925 2418 1925 2674 1925 2674 1926 2418 1926 2420 1926 2674 2063 2420 2063 2675 2063 2420 1961 2422 1961 2675 1961 2675 1994 2422 1994 2376 1994 2675 2064 2376 2064 2676 2064 2376 1931 2378 1931 2676 1931 2676 1932 2378 1932 2380 1932 2676 1933 2380 1933 2677 1933 2380 1934 2382 1934 2677 1934 2677 1935 2382 1935 2384 1935 2677 1936 2384 1936 2667 1936 2667 1937 2384 1937 2386 1937 2667 1938 2386 1938 2388 1938 2678 2065 2452 2065 2454 2065 2678 2066 2454 2066 2679 2066 2454 2067 2456 2067 2679 2067 2679 2068 2456 2068 2458 2068 2679 2069 2458 2069 2680 2069 2458 2070 2460 2070 2680 2070 2680 2071 2460 2071 2462 2071 2680 2072 2462 2072 2681 2072 2681 2073 2462 2073 2464 2073 2681 2074 2464 2074 2682 2074 2464 2075 2466 2075 2682 2075 2682 2076 2466 2076 2427 2076 2682 2077 2427 2077 2683 2077 2683 2078 2427 2078 2426 2078 2426 2079 2684 2079 2683 2079 2683 2080 2684 2080 2424 2080 2683 2081 2424 2081 2685 2081 2424 2082 2428 2082 2685 2082 2685 2083 2428 2083 2430 2083 2685 2084 2430 2084 2686 2084 2430 2085 2432 2085 2686 2085 2686 2086 2432 2086 2434 2086 2686 2087 2434 2087 2687 2087 2434 2088 2436 2088 2687 2088 2687 2089 2436 2089 2438 2089 2687 2090 2438 2090 2688 2090 2688 2091 2438 2091 2440 2091 2688 2092 2440 2092 2689 2092 2689 2093 2440 2093 2442 2093 2442 2094 2444 2094 2689 2094 2689 2095 2444 2095 2446 2095 2689 2096 2446 2096 2690 2096 2690 2097 2446 2097 2448 2097 2690 2098 2448 2098 2678 2098 2678 2099 2448 2099 2450 2099 2678 2100 2450 2100 2452 2100 2525 2101 2691 2101 2524 2101 2524 2101 2691 2101 2692 2101 2524 2102 2692 2102 2523 2102 2523 2102 2692 2102 2693 2102 2523 2103 2693 2103 2694 2103 2523 2103 2694 2103 2506 2103 2506 2104 2694 2104 2695 2104 2506 2104 2695 2104 2507 2104 2507 2105 2695 2105 2696 2105 2507 2105 2696 2105 2505 2105 2505 1470 2696 1470 2697 1470 2505 1470 2697 1470 2504 1470 2504 2106 2697 2106 2698 2106 2504 2106 2698 2106 2536 2106 2536 2107 2698 2107 2699 2107 2536 2107 2699 2107 2508 2107 2508 2108 2699 2108 2700 2108 2508 2108 2700 2108 2510 2108 2510 2109 2700 2109 2509 2109 2509 2109 2700 2109 2701 2109 2509 2110 2701 2110 2491 2110 2491 2110 2701 2110 2702 2110 2472 1470 2476 1470 2473 1470 2473 1470 2476 1470 1953 1470 2473 1470 1953 1470 1951 1470 1951 1470 1945 1470 2473 1470 2473 1470 1945 1470 927 1470 2473 1470 927 1470 2703 1470 2703 1470 927 1470 2492 1470 2703 1470 2492 1470 2702 1470 2702 1470 2492 1470 2491 1470 2471 2111 2704 2111 2469 2111 2469 2112 2704 2112 2705 2112 2705 2112 2706 2112 2469 2112 2469 2112 2706 2112 2707 2112 2469 2112 2707 2112 2475 2112 2475 2112 2707 2112 2708 2112 2708 2112 2709 2112 2475 2112 2475 2112 2709 2112 2710 2112 2475 2113 2710 2113 2479 2113 2711 1459 2494 1459 2712 1459 2712 1459 2494 1459 2539 1459 2712 1459 2539 1459 2480 1459 2480 1459 2539 1459 1156 1459 2480 1459 1156 1459 1942 1459 2477 1459 2478 1459 1952 1459 1952 1459 2478 1459 2480 1459 1952 1459 2480 1459 1950 1459 1950 1459 2480 1459 1942 1459 2494 2114 2711 2114 2495 2114 2495 2114 2711 2114 2713 2114 2495 2115 2713 2115 2516 2115 2516 2115 2713 2115 2714 2115 2516 2116 2714 2116 2715 2116 2516 2116 2715 2116 2517 2116 2517 2117 2715 2117 2716 2117 2517 2117 2716 2117 2514 2117 2514 2118 2716 2118 2717 2118 2514 2118 2717 2118 2533 2118 2533 1459 2717 1459 2718 1459 2533 1459 2718 1459 2532 1459 2532 2119 2718 2119 2719 2119 2532 2119 2719 2119 2535 2119 2535 2120 2719 2120 2720 2120 2535 2120 2720 2120 2534 2120 2534 2121 2720 2121 2721 2121 2534 2121 2721 2121 2529 2121 2529 2122 2721 2122 2530 2122 2530 2122 2721 2122 2722 2122 2530 2123 2722 2123 2531 2123 2531 2123 2722 2123 2723 2123 2484 1459 2489 1459 2485 1459 2485 1459 2489 1459 1959 1459 2485 1459 1959 1459 1958 1459 2531 1459 2723 1459 2528 1459 2528 1459 2723 1459 2724 1459 2528 1459 2724 1459 1205 1459 1205 1459 2724 1459 2485 1459 1205 1459 2485 1459 1956 1459 1956 1459 2485 1459 1958 1459 2483 2124 2725 2124 2481 2124 2481 2125 2725 2125 2726 2125 2727 2125 2487 2125 2728 2125 2728 2125 2487 2125 2481 2125 2728 2125 2481 2125 2729 2125 2729 2125 2481 2125 2726 2125 2727 2125 2730 2125 2487 2125 2487 2125 2730 2125 2731 2125 2487 2126 2731 2126 2547 2126 2691 1470 2525 1470 2732 1470 2732 1470 2525 1470 2526 1470 2732 1470 2526 1470 2548 1470 2548 1470 2526 1470 924 1470 2548 1470 924 1470 1961 1470 2488 1470 2546 1470 1965 1470 1965 1470 2546 1470 2548 1470 1965 1470 2548 1470 1964 1470 1964 1470 2548 1470 1961 1470 2733 2127 2551 2127 2734 2127 2734 2128 2551 2128 2552 2128 2734 2128 2552 2128 2735 2128 2735 2129 2552 2129 2553 2129 2735 2129 2553 2129 2736 2129 2736 2130 2553 2130 2554 2130 2581 2131 2549 2131 2733 2131 2733 2132 2549 2132 2550 2132 2733 2127 2550 2127 2551 2127 2733 1366 2737 1366 2581 1366 2581 2133 2737 2133 2738 2133 2581 2133 2738 2133 2580 2133 2580 2134 2738 2134 2739 2134 2580 2134 2739 2134 2579 2134 2579 2135 2739 2135 2740 2135 2579 2135 2740 2135 2578 2135 2578 2136 2740 2136 2741 2136 2578 2136 2741 2136 2577 2136 2577 2137 2741 2137 2742 2137 2577 2137 2742 2137 2576 2137 2576 2138 2742 2138 2743 2138 2576 2138 2743 2138 2575 2138 2575 2139 2743 2139 2744 2139 2575 2139 2744 2139 2574 2139 2574 2140 2744 2140 2745 2140 2574 2140 2745 2140 2573 2140 2573 2141 2745 2141 2746 2141 2573 2141 2746 2141 2572 2141 2572 2142 2746 2142 2747 2142 2572 2142 2747 2142 2571 2142 2571 2143 2747 2143 2748 2143 2571 2143 2748 2143 2570 2143 2570 2144 2748 2144 2749 2144 2570 2144 2749 2144 2569 2144 2569 2145 2749 2145 2750 2145 2569 2145 2750 2145 2568 2145 2568 2146 2750 2146 2751 2146 2568 2146 2751 2146 2567 2146 2567 2147 2751 2147 2752 2147 2567 2147 2752 2147 2566 2147 2566 2148 2752 2148 2753 2148 2566 2148 2753 2148 2564 2148 2564 2149 2753 2149 2754 2149 2564 2149 2754 2149 2563 2149 2563 2150 2754 2150 2755 2150 2563 2150 2755 2150 2562 2150 2562 2151 2755 2151 2756 2151 2562 2151 2756 2151 2561 2151 2561 2152 2756 2152 2757 2152 2561 2152 2757 2152 2560 2152 2560 2153 2757 2153 2758 2153 2560 2153 2758 2153 2559 2153 2559 2154 2758 2154 2759 2154 2559 2154 2759 2154 2558 2154 2558 2155 2759 2155 2760 2155 2558 2155 2760 2155 2557 2155 2557 2156 2760 2156 2761 2156 2557 2156 2761 2156 2556 2156 2556 2157 2761 2157 2762 2157 2556 2157 2762 2157 2555 2157 2555 2158 2762 2158 2763 2158 2555 2159 2763 2159 2554 2159 2554 2160 2763 2160 2764 2160 2554 2130 2764 2130 2736 2130 2765 1481 2730 1481 2727 1481 2756 1481 2755 1481 2766 1481 2480 2161 2479 2161 2710 2161 2702 1481 2701 1481 2767 1481 2594 1481 2768 1481 2595 1481 2595 1481 2768 1481 2769 1481 2595 1481 2769 1481 2605 1481 2600 1481 2770 1481 2599 1481 2599 1481 2770 1481 2771 1481 2594 1481 2596 1481 2768 1481 2768 1481 2596 1481 2597 1481 2768 1481 2597 1481 2771 1481 2771 1481 2597 1481 2598 1481 2771 1481 2598 1481 2599 1481 2600 1481 2601 1481 2694 1481 2697 1481 2696 1481 2604 1481 2694 1481 2601 1481 2695 1481 2695 1481 2601 1481 2602 1481 2695 1481 2602 1481 2696 1481 2696 1481 2602 1481 2603 1481 2696 1481 2603 1481 2604 1481 2606 1481 2608 1481 2766 1481 2766 1481 2608 1481 2609 1481 2609 1481 2610 1481 2758 1481 2610 1481 2611 1481 2758 1481 2758 1481 2611 1481 2612 1481 2758 1481 2612 1481 2768 1481 2768 1481 2612 1481 2769 1481 2769 1481 2612 1481 2613 1481 2769 1481 2613 1481 2614 1481 2606 1481 2766 1481 2607 1481 2607 1481 2766 1481 2767 1481 2607 1481 2767 1481 2617 1481 2617 1481 2767 1481 2701 1481 2617 1481 2701 1481 2616 1481 2616 1481 2701 1481 2700 1481 2616 1481 2700 1481 2615 1481 2643 1481 2772 1481 2653 1481 2653 1481 2772 1481 2773 1481 2653 1481 2773 1481 2652 1481 2652 1481 2773 1481 2651 1481 2650 1481 2746 1481 2649 1481 2649 1481 2746 1481 2774 1481 2649 1481 2774 1481 2648 1481 2648 1481 2774 1481 2647 1481 2646 1481 2716 1481 2645 1481 2645 1481 2716 1481 2715 1481 2645 1481 2715 1481 2644 1481 2644 1481 2715 1481 2714 1481 2644 1481 2714 1481 2642 1481 2642 1481 2714 1481 2713 1481 2732 1481 2548 1481 2775 1481 2775 2162 2548 2162 2547 2162 2775 2163 2547 2163 2731 2163 2600 1481 2694 1481 2770 1481 2770 1481 2694 1481 2693 1481 2770 1481 2693 1481 2771 1481 2771 1481 2693 1481 2692 1481 2771 1481 2692 1481 2775 1481 2775 1481 2692 1481 2691 1481 2775 1481 2691 1481 2732 1481 2699 1481 2769 1481 2700 1481 2700 1481 2769 1481 2614 1481 2700 1481 2614 1481 2615 1481 2604 1481 2605 1481 2697 1481 2697 1481 2605 1481 2769 1481 2697 1481 2769 1481 2698 1481 2698 1481 2769 1481 2699 1481 2711 1481 2712 1481 2776 1481 2776 1481 2712 1481 2480 1481 2711 1481 2772 1481 2713 1481 2713 1481 2772 1481 2643 1481 2713 1481 2643 1481 2642 1481 2660 1481 2661 1481 2777 1481 2665 1481 2655 1481 2774 1481 2774 1481 2655 1481 2654 1481 2661 1481 2662 1481 2777 1481 2777 1481 2662 1481 2663 1481 2777 1481 2663 1481 2774 1481 2774 1481 2663 1481 2664 1481 2774 1481 2664 1481 2665 1481 2646 1481 2647 1481 2716 1481 2716 1481 2647 1481 2774 1481 2716 1481 2774 1481 2717 1481 2717 1481 2774 1481 2654 1481 2717 1481 2654 1481 2718 1481 2654 1481 2656 1481 2718 1481 2718 1481 2656 1481 2657 1481 2718 1481 2657 1481 2719 1481 2719 1481 2657 1481 2658 1481 2719 1481 2658 1481 2720 1481 2720 1481 2658 1481 2659 1481 2720 1481 2659 1481 2721 1481 2659 1481 2660 1481 2721 1481 2721 1481 2660 1481 2777 1481 2721 1481 2777 1481 2722 1481 2722 1481 2777 1481 2723 1481 2778 1481 2724 1481 2723 1481 2754 1481 2753 1481 2779 1481 2779 1481 2753 1481 2752 1481 2779 1481 2752 1481 2780 1481 2780 1481 2752 1481 2751 1481 2755 1481 2754 1481 2781 1481 2609 1481 2758 1481 2766 1481 2766 1481 2758 1481 2757 1481 2766 1481 2757 1481 2756 1481 2762 1481 2761 1481 2771 1481 2771 1481 2761 1481 2760 1481 2771 1481 2760 1481 2768 1481 2768 1481 2760 1481 2759 1481 2768 1481 2759 1481 2758 1481 2589 1481 2590 1481 2765 1481 2765 1481 2590 1481 2591 1481 2765 1481 2591 1481 2782 1481 2591 1481 2592 1481 2782 1481 2782 1481 2592 1481 2593 1481 2782 1481 2593 1481 2583 1481 2783 1481 2733 1481 2784 1481 2784 1481 2733 1481 2734 1481 2763 1481 2782 1481 2764 1481 2764 1481 2782 1481 2583 1481 2764 1481 2583 1481 2736 1481 2736 1481 2583 1481 2582 1481 2736 1481 2582 1481 2735 1481 2735 1481 2582 1481 2584 1481 2735 1481 2584 1481 2734 1481 2584 1481 2585 1481 2734 1481 2734 1481 2585 1481 2586 1481 2734 1481 2586 1481 2784 1481 2784 1481 2586 1481 2587 1481 2784 1481 2587 1481 2588 1481 2670 1481 2671 1481 2785 1481 2785 1481 2671 1481 2672 1481 2785 1481 2672 1481 2786 1481 2786 1481 2672 1481 2673 1481 2786 1481 2673 1481 2674 1481 2674 1481 2739 1481 2786 1481 2786 1481 2739 1481 2738 1481 2786 1481 2738 1481 2783 1481 2783 1481 2738 1481 2737 1481 2783 1481 2737 1481 2733 1481 2674 1481 2675 1481 2739 1481 2739 1481 2675 1481 2676 1481 2739 1481 2676 1481 2740 1481 2740 1481 2676 1481 2677 1481 2740 1481 2677 1481 2741 1481 2677 1481 2667 1481 2741 1481 2741 1481 2667 1481 2666 1481 2741 1481 2666 1481 2787 1481 2787 1481 2666 1481 2668 1481 2787 1481 2668 1481 2669 1481 2746 1481 2745 1481 2774 1481 2774 1481 2745 1481 2744 1481 2774 1481 2744 1481 2777 1481 2777 1481 2744 1481 2743 1481 2777 1481 2743 1481 2787 1481 2787 1481 2743 1481 2742 1481 2787 1481 2742 1481 2741 1481 2788 1481 2749 1481 2773 1481 2773 1481 2749 1481 2748 1481 2650 1481 2651 1481 2746 1481 2746 1481 2651 1481 2773 1481 2746 1481 2773 1481 2747 1481 2747 1481 2773 1481 2748 1481 2751 1481 2750 1481 2789 1481 2755 1481 2781 1481 2766 1481 2766 1481 2781 1481 2790 1481 2766 1481 2790 1481 2767 1481 2767 1481 2790 1481 2703 1481 2767 1481 2703 1481 2702 1481 2731 1481 2730 1481 2775 1481 2775 1481 2730 1481 2765 1481 2775 1481 2765 1481 2771 1481 2771 1481 2765 1481 2782 1481 2771 1481 2782 1481 2762 1481 2762 1481 2782 1481 2763 1481 2626 1481 2627 1481 2781 1481 2618 1481 2620 1481 2706 1481 2626 1481 2781 1481 2625 1481 2473 2164 2703 2164 2471 2164 2471 2165 2703 2165 2790 2165 2471 2166 2790 2166 2704 2166 2704 1481 2790 1481 2781 1481 2704 1481 2781 1481 2705 1481 2705 1481 2781 1481 2627 1481 2627 1481 2628 1481 2705 1481 2705 1481 2628 1481 2629 1481 2705 1481 2629 1481 2706 1481 2706 1481 2629 1481 2619 1481 2706 1481 2619 1481 2618 1481 2754 1481 2779 1481 2781 1481 2781 1481 2779 1481 2624 1481 2781 1481 2624 1481 2625 1481 2621 1481 2622 1481 2779 1481 2779 1481 2622 1481 2623 1481 2779 1481 2623 1481 2624 1481 2679 1481 2680 1481 2783 1481 2784 1481 2687 1481 2688 1481 2681 1481 2682 1481 2728 1481 2728 1481 2682 1481 2683 1481 2728 1481 2683 1481 2727 1481 2727 1481 2683 1481 2685 1481 2727 1481 2685 1481 2686 1481 2686 1481 2687 1481 2727 1481 2727 1481 2687 1481 2784 1481 2727 1481 2784 1481 2765 1481 2765 1481 2784 1481 2588 1481 2765 1481 2588 1481 2589 1481 2688 1481 2689 1481 2784 1481 2784 1481 2689 1481 2690 1481 2784 1481 2690 1481 2783 1481 2783 1481 2690 1481 2678 1481 2783 1481 2678 1481 2679 1481 2638 1481 2639 1481 2780 1481 2630 1481 2632 1481 2708 1481 2638 1481 2780 1481 2637 1481 2639 1481 2707 1481 2780 1481 2780 1481 2707 1481 2706 1481 2780 1481 2706 1481 2779 1481 2779 1481 2706 1481 2620 1481 2779 1481 2620 1481 2621 1481 2639 1481 2640 1481 2707 1481 2707 1481 2640 1481 2641 1481 2707 1481 2641 1481 2708 1481 2708 1481 2641 1481 2631 1481 2708 1481 2631 1481 2630 1481 2751 1481 2789 1481 2780 1481 2780 1481 2789 1481 2636 1481 2780 1481 2636 1481 2637 1481 2633 1481 2634 1481 2789 1481 2789 1481 2634 1481 2635 1481 2789 1481 2635 1481 2636 1481 2480 1481 2710 1481 2776 1481 2776 1481 2710 1481 2709 1481 2776 1481 2709 1481 2791 1481 2791 1481 2709 1481 2708 1481 2791 1481 2708 1481 2789 1481 2789 1481 2708 1481 2632 1481 2789 1481 2632 1481 2633 1481 2711 1481 2776 1481 2772 1481 2772 1481 2776 1481 2791 1481 2772 1481 2791 1481 2773 1481 2773 1481 2791 1481 2789 1481 2773 1481 2789 1481 2788 1481 2788 1481 2789 1481 2750 1481 2788 1481 2750 1481 2749 1481 2723 1481 2777 1481 2778 1481 2778 1481 2777 1481 2787 1481 2778 1481 2787 1481 2785 1481 2785 1481 2787 1481 2669 1481 2785 1481 2669 1481 2670 1481 2485 2167 2724 2167 2483 2167 2483 2168 2724 2168 2778 2168 2483 2169 2778 2169 2725 2169 2725 1481 2778 1481 2785 1481 2725 1481 2785 1481 2726 1481 2726 1481 2785 1481 2786 1481 2726 1481 2786 1481 2729 1481 2729 1481 2786 1481 2783 1481 2729 1481 2783 1481 2728 1481 2728 1481 2783 1481 2680 1481 2728 1481 2680 1481 2681 1481</p>
        </triangles>
      </mesh>
    </geometry>
  </library_geometries>
  <library_visual_scenes>
    <visual_scene id="DefaultScene">
      <node id="node_e76c8f5d_f37a_4986_bc1d_aba1595b3564" type="NODE">
        <matrix>1 0 0 0 0 1 0 0 0 0 1 0 0 0 0 1</matrix>
        <node id="node_e3d8d5a5_f797_4570_b093_2c30f6766dbd" type="NODE">
          <matrix>1 0 0 0 0 1 0 0 0 0 1 0 0 0 0 1</matrix>
          <node id="node_e3d8d5a5_f797_4570_b093_2c30f6766dbd_mesh0" type="NODE">
            <matrix>1 0 0 0 0 1 0 0 0 0 1 0 0 0 0 1</matrix>
            <instance_geometry url="#geometry_785d8899_5695_4007_9e4f_4c1d1f1e18cc">
              <bind_material>
                <technique_common>
                  <instance_material symbol="mat_0" target="#mat_0"/>
                </technique_common>
              </bind_material>
            </instance_geometry>
          </node>
        </node>
      </node>
    </visual_scene>
  </library_visual_scenes>
  <scene>
    <instance_visual_scene url="#DefaultScene"/>
  </scene>
</COLLADA>
